user_id,age_group,location,device_type,subscription_type,days_since_registration,total_purchases,avg_order_value,last_purchase_days,sessions_last_30_days,time_on_site_minutes,pages_per_session,cart_abandonment_rate,purchase_frequency,dar_promocion
USER-000001,18-25,Mendoza,Mobile,Free,38,6,341.58,139.0,2,71.3,,0.075,4.74,1
USER-000002,26-35,Buenos Aires,Mobile,Basic,246,34,215.56,114.0,18,34.1,17.5,0.607,4.15,0
USER-000003,36-45,Buenos Aires,Mobile,Enterprise,284,21,60.08,97.0,3,43.7,7.5,,2.22,0
USER-000004,36-45,Cordoba,Tablet,Free,343,35,153.66,160.0,19,106.4,7.9,0.154,3.06,0
USER-000005,18-25,Buenos Aires,Mobile,Free,330,14,434.58,97.0,8,55.0,16.8,0.13,1.27,1
USER-000006,18-25,Buenos Aires,Tablet,Basic,184,38,321.14,,23,30.1,9.8,0.216,6.2,1
USER-000007,36-45,Buenos Aires,Mobile,Premium,38,3,122.23,8.0,25,38.5,6.1,0.169,2.37,0
USER-000008,46-55,Buenos Aires,Desktop,Free,75,41,234.84,67.0,4,,,0.21,16.4,1
USER-000009,26-35,Rosario,Mobile,Enterprise,66,8,259.67,23.0,24,6.6,3.1,0.502,3.64,0
USER-000010,26-35,Buenos Aires,Mobile,Enterprise,17,33,,141.0,27,113.1,13.9,,33.0,0
USER-000011,,Mendoza,Mobile,Free,91,10,,67.0,16,91.7,10.6,0.085,3.3,0
USER-000012,26-35,Rosario,Desktop,Free,45,48,89.16,135.0,29,1.1,7.2,0.016,32.0,1
USER-000013,46-55,La Plata,Mobile,Free,180,36,474.01,21.0,23,58.8,2.3,0.608,6.0,1
USER-000014,18-25,Cordoba,Mobile,Free,301,38,217.34,54.0,29,65.2,14.9,0.161,,0
USER-000015,26-35,Rosario,Mobile,Premium,206,28,69.29,57.0,2,41.2,12.2,0.184,4.08,0
USER-000016,18-25,Mendoza,Mobile,Free,253,2,431.22,18.0,16,29.3,13.7,0.171,,1
USER-000017,36-45,La Plata,Mobile,Free,298,30,405.67,,3,12.5,9.2,0.339,3.02,1
USER-000018,46-55,Buenos Aires,Desktop,Basic,126,3,207.28,86.0,25,103.5,,0.152,0.71,0
USER-000019,18-25,Buenos Aires,Mobile,Premium,136,4,227.13,140.0,3,7.0,20.0,0.669,,1
USER-000020,46-55,La Plata,Mobile,Basic,318,13,433.68,15.0,5,,19.7,0.212,1.23,1
USER-000021,26-35,Rosario,Desktop,Premium,133,42,362.02,39.0,6,36.3,19.4,0.463,9.47,0
USER-000022,18-25,Buenos Aires,Mobile,Basic,88,33,87.14,130.0,2,102.3,2.3,0.054,11.25,1
USER-000023,26-35,Otros,Mobile,Basic,245,2,313.5,107.0,21,70.5,10.9,0.748,0.24,0
USER-000024,36-45,Buenos Aires,Mobile,Free,261,41,157.0,80.0,29,,2.4,0.367,4.71,0
USER-000025,55+,Buenos Aires,Mobile,Free,77,22,441.62,62.0,11,,9.3,0.435,8.57,1
USER-000026,36-45,Otros,Desktop,Free,211,35,156.7,169.0,3,112.7,3.6,0.092,4.98,0
USER-000027,36-45,Buenos Aires,Mobile,Free,311,21,109.76,162.0,27,32.4,,0.724,2.03,0
USER-000028,18-25,Cordoba,Mobile,Free,339,49,74.1,,5,89.2,11.5,0.342,4.34,0
USER-000029,18-25,Otros,Desktop,Free,361,2,418.95,149.0,17,18.6,3.4,0.247,0.17,0
USER-000030,,Buenos Aires,Mobile,Free,345,49,284.34,,19,90.2,18.6,0.189,4.26,1
USER-000031,55+,La Plata,Desktop,Free,282,47,463.0,105.0,25,80.7,15.0,0.199,5.0,0
USER-000032,36-45,Buenos Aires,Desktop,Premium,284,14,107.79,117.0,11,37.3,16.1,0.182,1.48,0
USER-000033,36-45,Cordoba,Mobile,Free,353,49,146.77,164.0,16,48.6,19.6,0.429,4.16,0
USER-000034,18-25,Otros,Mobile,Enterprise,351,16,28.75,152.0,13,42.1,15.9,,1.37,1
USER-000035,18-25,La Plata,Mobile,Free,104,27,10.83,137.0,21,86.6,15.1,0.537,7.79,1
USER-000036,26-35,Otros,Tablet,Basic,179,42,425.53,76.0,16,37.8,8.8,,7.04,0
USER-000037,36-45,Buenos Aires,Desktop,Free,214,47,452.37,157.0,18,36.8,11.4,0.0,6.59,1
USER-000038,18-25,Mendoza,Desktop,Free,219,28,226.66,54.0,16,57.3,18.1,0.637,3.84,1
USER-000039,36-45,Buenos Aires,Desktop,Basic,279,5,411.03,60.0,21,37.9,16.3,0.118,0.54,0
USER-000040,18-25,Cordoba,Desktop,Free,342,26,444.21,147.0,6,86.5,8.3,0.32,2.28,0
USER-000041,36-45,Buenos Aires,Desktop,Premium,290,6,391.43,56.0,5,96.7,14.2,0.372,0.62,0
USER-000042,18-25,La Plata,Mobile,Premium,80,42,270.25,143.0,19,38.8,15.3,0.354,15.75,0
USER-000043,,Otros,Mobile,Free,107,30,230.53,63.0,26,76.9,15.6,,8.41,0
USER-000044,18-25,Cordoba,Desktop,Free,45,21,166.66,138.0,2,17.5,5.4,0.555,14.0,1
USER-000045,18-25,Cordoba,Mobile,Basic,4,3,111.35,107.0,12,108.7,12.1,0.556,3.0,0
USER-000046,26-35,Buenos Aires,Mobile,Premium,71,26,273.73,139.0,25,72.8,5.2,,,0
USER-000047,26-35,Cordoba,Desktop,Premium,142,46,90.87,119.0,29,16.2,12.8,0.022,9.72,1
USER-000048,36-45,,Mobile,Basic,164,29,99.05,66.0,12,40.0,,,5.3,0
USER-000049,26-35,Otros,Mobile,Premium,171,30,19.5,138.0,1,120.0,7.6,0.52,5.26,0
USER-000050,18-25,,Mobile,Premium,32,39,84.67,32.0,15,80.7,11.7,0.174,36.56,0
USER-000051,26-35,Cordoba,Desktop,Enterprise,7,45,66.12,41.0,30,38.0,12.0,0.743,45.0,1
USER-000052,36-45,Otros,Mobile,Premium,71,4,300.13,160.0,7,13.1,15.7,0.68,1.69,1
USER-000053,46-55,Mendoza,Mobile,Free,58,34,219.91,94.0,2,61.2,7.5,0.68,,0
USER-000054,18-25,Otros,Desktop,Premium,115,45,84.97,,23,63.1,13.4,0.493,11.74,1
USER-000055,36-45,Cordoba,Desktop,Basic,90,20,427.34,22.0,8,105.9,5.6,0.372,6.67,1
USER-000056,36-45,Buenos Aires,Mobile,Free,53,31,,66.0,10,34.3,12.3,0.704,17.55,0
USER-000057,18-25,Otros,Mobile,Premium,81,31,282.04,61.0,22,57.7,14.5,0.359,11.48,0
USER-000058,18-25,Buenos Aires,Desktop,Free,357,37,,141.0,16,41.9,19.9,0.44,3.11,1
USER-000059,,Buenos Aires,Mobile,Free,185,12,164.62,137.0,30,91.7,4.5,0.173,1.95,0
USER-000060,26-35,Rosario,Desktop,Basic,118,6,417.99,75.0,7,43.9,6.7,0.566,1.53,0
USER-000061,26-35,Otros,Mobile,Basic,301,8,322.56,125.0,3,104.9,11.9,0.376,0.8,0
USER-000062,26-35,Otros,Mobile,Premium,140,7,412.84,102.0,15,9.8,13.0,0.043,1.5,1
USER-000063,46-55,Otros,Mobile,Free,289,35,384.58,155.0,19,95.1,5.3,0.418,3.63,0
USER-000064,46-55,Buenos Aires,Mobile,Basic,135,36,314.3,156.0,30,89.1,19.0,0.166,8.0,1
USER-000065,26-35,Buenos Aires,Mobile,Basic,257,10,11.31,115.0,22,71.7,6.5,0.185,1.17,1
USER-000066,26-35,La Plata,Mobile,Free,4,16,396.04,,18,79.7,18.7,,16.0,0
USER-000067,18-25,Buenos Aires,Mobile,Free,87,3,91.3,78.0,19,90.1,,0.231,1.03,1
USER-000068,26-35,Buenos Aires,Mobile,Free,302,34,251.96,20.0,19,5.7,9.2,0.258,3.38,0
USER-000069,18-25,Buenos Aires,Desktop,Premium,237,37,475.89,172.0,26,33.1,1.8,0.605,,0
USER-000070,26-35,Cordoba,Mobile,Enterprise,125,27,321.04,,2,56.9,8.8,0.257,6.48,0
USER-000071,46-55,Buenos Aires,Desktop,Free,312,25,408.65,140.0,1,55.1,7.0,0.259,2.4,0
USER-000072,46-55,La Plata,Mobile,Premium,159,29,212.49,48.0,16,44.1,15.4,0.5,5.47,0
USER-000073,,Cordoba,Tablet,Basic,339,44,247.51,7.0,20,73.5,5.5,0.127,3.89,1
USER-000074,18-25,,Mobile,Premium,83,7,236.11,,20,100.0,,0.573,2.53,0
USER-000075,36-45,Cordoba,Mobile,Basic,105,29,280.12,98.0,6,110.7,10.7,0.703,8.29,0
USER-000076,26-35,Mendoza,Mobile,Premium,330,32,140.91,0.0,9,,16.9,0.464,2.91,1
USER-000077,26-35,Buenos Aires,Mobile,Free,28,35,383.81,96.0,14,112.0,17.5,0.785,35.0,1
USER-000078,36-45,Buenos Aires,Desktop,Free,243,47,241.76,97.0,12,118.6,16.1,0.522,5.8,1
USER-000079,26-35,Buenos Aires,Mobile,Basic,288,6,438.35,112.0,3,63.6,9.7,0.578,0.62,1
USER-000080,46-55,Otros,Mobile,Premium,156,16,175.9,177.0,12,78.3,17.2,0.682,3.08,0
USER-000081,26-35,Buenos Aires,Desktop,Premium,92,34,27.59,,7,76.1,18.5,0.798,11.09,1
USER-000082,26-35,Buenos Aires,Desktop,Premium,319,28,91.52,,28,4.4,7.2,0.045,2.63,0
USER-000083,26-35,Buenos Aires,Mobile,Basic,182,50,98.23,44.0,2,73.5,8.3,0.547,8.24,1
USER-000084,46-55,Buenos Aires,Mobile,Free,111,16,336.75,119.0,28,35.2,11.4,,4.32,1
USER-000085,55+,Buenos Aires,Tablet,Basic,189,29,424.2,50.0,12,102.5,3.0,0.305,4.6,1
USER-000086,36-45,Otros,Mobile,Enterprise,182,42,,2.0,18,103.9,,0.779,6.92,1
USER-000087,36-45,La Plata,Tablet,Premium,55,14,307.46,90.0,7,76.8,12.8,0.542,7.64,0
USER-000088,36-45,Buenos Aires,Mobile,Basic,28,2,161.38,,1,70.0,14.9,0.072,2.0,0
USER-000089,26-35,Cordoba,Mobile,Premium,214,23,270.12,69.0,26,20.6,18.4,,3.22,1
USER-000090,36-45,Buenos Aires,Mobile,Enterprise,214,9,,,27,,,0.318,1.26,0
USER-000091,26-35,Mendoza,Mobile,Basic,80,29,190.61,,8,70.6,,0.752,10.88,1
USER-000092,36-45,Cordoba,Desktop,Premium,310,20,458.48,,20,8.5,16.7,0.728,,0
USER-000093,36-45,Buenos Aires,Mobile,Free,211,31,66.9,60.0,28,65.0,8.4,0.297,4.41,1
USER-000094,46-55,Cordoba,Desktop,Free,9,26,330.91,,19,49.6,19.1,0.026,26.0,0
USER-000095,18-25,Cordoba,Mobile,Free,176,43,189.99,,11,8.2,6.2,0.775,7.33,0
USER-000096,18-25,Buenos Aires,Desktop,Enterprise,133,3,395.53,62.0,4,94.7,4.9,0.664,0.68,1
USER-000097,18-25,Buenos Aires,Desktop,Free,82,9,,152.0,0,,19.7,,3.29,0
USER-000098,26-35,Buenos Aires,Desktop,Free,89,0,185.54,999.0,25,29.3,,0.139,0.0,0
USER-000099,,Cordoba,Mobile,,339,28,391.23,131.0,18,14.0,10.6,0.756,2.48,0
USER-000100,36-45,Otros,Desktop,Free,343,41,,,15,101.8,9.1,0.086,3.59,1
USER-000101,,Buenos Aires,Mobile,Basic,1,4,71.83,159.0,20,70.7,,0.305,4.0,0
USER-000102,26-35,Cordoba,Desktop,Free,60,44,66.06,167.0,20,105.4,11.5,0.692,22.0,1
USER-000103,26-35,Buenos Aires,Mobile,Basic,145,26,367.51,80.0,13,38.2,5.8,0.763,5.38,1
USER-000104,46-55,Buenos Aires,Desktop,Free,14,6,374.85,95.0,25,16.5,2.1,,6.0,0
USER-000105,26-35,Buenos Aires,Mobile,Basic,78,48,217.24,13.0,30,35.2,6.9,0.083,18.46,0
USER-000106,18-25,Rosario,Mobile,Free,106,35,190.1,,18,27.9,,0.449,9.91,0
USER-000107,36-45,Rosario,Mobile,Premium,47,44,141.05,46.0,8,84.6,,0.272,28.09,0
USER-000108,18-25,Buenos Aires,Desktop,,362,47,,,2,,5.1,0.336,3.9,1
USER-000109,18-25,Buenos Aires,Mobile,Premium,191,38,51.63,13.0,4,19.7,12.7,0.539,5.97,1
USER-000110,26-35,Cordoba,Desktop,Basic,226,13,379.92,29.0,11,52.2,6.4,0.543,1.73,1
USER-000111,26-35,Buenos Aires,Mobile,Enterprise,116,3,13.77,77.0,30,26.1,3.6,0.204,0.78,1
USER-000112,18-25,Cordoba,Mobile,Free,198,34,354.8,128.0,17,100.2,16.3,0.058,5.15,0
USER-000113,26-35,Cordoba,Mobile,Free,344,27,,163.0,13,35.5,8.7,0.773,2.35,1
USER-000114,46-55,Rosario,Desktop,Premium,278,5,223.99,27.0,7,52.8,8.6,0.063,0.54,0
USER-000115,36-45,Buenos Aires,Desktop,Free,207,40,65.87,130.0,6,108.8,7.6,0.582,5.8,1
USER-000116,46-55,Buenos Aires,Mobile,Free,35,38,84.91,167.0,2,22.1,15.7,0.395,32.57,0
USER-000117,36-45,Cordoba,Tablet,Basic,77,40,493.4,82.0,27,116.5,7.0,0.352,15.58,1
USER-000118,26-35,Buenos Aires,Mobile,Free,125,32,46.35,118.0,14,5.5,,0.23,7.68,1
USER-000119,46-55,La Plata,Desktop,Basic,35,29,294.36,10.0,14,109.2,11.9,0.151,24.86,1
USER-000120,26-35,Buenos Aires,Mobile,Free,56,21,491.37,21.0,16,77.9,1.7,0.566,11.25,0
USER-000121,26-35,Rosario,Mobile,Premium,141,24,210.3,86.0,21,,16.0,0.518,5.11,0
USER-000122,26-35,Rosario,Mobile,Free,332,42,482.56,154.0,27,18.9,2.5,0.531,3.8,1
USER-000123,26-35,Rosario,Desktop,Free,186,45,469.62,,17,,16.0,,7.26,1
USER-000124,36-45,Otros,Tablet,Premium,22,5,326.55,108.0,16,44.1,7.9,0.144,5.0,1
USER-000125,26-35,Mendoza,Mobile,Enterprise,256,9,47.81,25.0,16,92.7,16.9,0.707,1.05,1
USER-000126,36-45,La Plata,Desktop,Basic,346,9,89.5,177.0,24,75.3,18.2,,0.78,0
USER-000127,26-35,Rosario,Mobile,Basic,343,18,378.67,114.0,7,64.5,,0.647,1.57,1
USER-000128,46-55,Buenos Aires,Desktop,Basic,125,28,236.22,72.0,24,46.4,11.0,0.773,6.72,1
USER-000129,,Buenos Aires,Mobile,Basic,263,23,281.72,26.0,22,101.7,17.2,0.228,2.62,0
USER-000130,26-35,Otros,Mobile,Basic,283,14,,89.0,29,4.2,2.0,0.402,1.48,0
USER-000131,26-35,Buenos Aires,Mobile,Free,245,6,421.2,166.0,10,95.2,3.6,0.23,0.73,0
USER-000132,36-45,Buenos Aires,,Basic,124,0,453.87,999.0,0,31.5,16.9,0.439,0.0,0
USER-000133,26-35,Buenos Aires,Mobile,Free,54,3,126.84,,25,75.1,2.2,0.669,1.67,1
USER-000134,36-45,Buenos Aires,Mobile,Free,110,9,152.72,,19,,11.8,0.15,2.45,0
USER-000135,18-25,Otros,Mobile,Basic,23,32,395.34,129.0,17,,17.6,0.035,32.0,0
USER-000136,55+,Buenos Aires,Mobile,Premium,167,22,,168.0,20,13.3,12.1,,3.95,1
USER-000137,18-25,Cordoba,Desktop,Free,297,49,345.49,178.0,15,76.2,16.4,0.05,4.95,1
USER-000138,18-25,Buenos Aires,Desktop,Premium,131,20,467.35,,12,118.7,11.3,0.203,4.58,0
USER-000139,18-25,Cordoba,Desktop,Premium,34,21,143.88,94.0,13,106.8,15.1,0.716,18.53,0
USER-000140,26-35,Buenos Aires,Desktop,Free,168,33,140.69,21.0,23,51.5,9.2,0.796,5.89,0
USER-000141,26-35,Buenos Aires,Mobile,Basic,273,19,228.5,109.0,5,83.1,7.7,0.034,2.09,0
USER-000142,36-45,Cordoba,Desktop,Premium,185,3,46.77,,12,44.2,16.2,0.544,0.49,0
USER-000143,18-25,Rosario,Desktop,Free,350,4,125.64,165.0,11,44.1,19.0,0.026,0.34,1
USER-000144,36-45,Otros,Mobile,Premium,287,36,77.47,93.0,12,38.4,6.3,0.768,3.76,0
USER-000145,36-45,Cordoba,Mobile,Basic,352,16,389.73,180.0,14,26.5,12.6,0.555,1.36,1
USER-000146,,Buenos Aires,Mobile,Free,114,45,228.1,22.0,25,82.1,17.1,,11.84,1
USER-000147,36-45,Cordoba,Mobile,Free,188,10,358.79,179.0,20,21.7,7.9,0.179,1.6,0
USER-000148,36-45,Buenos Aires,Mobile,Free,263,36,190.77,141.0,4,73.8,2.6,0.247,4.11,1
USER-000149,26-35,Mendoza,Desktop,Free,120,20,324.75,115.0,14,81.9,7.5,0.702,5.0,1
USER-000150,36-45,Buenos Aires,Tablet,Basic,83,3,417.38,,4,37.2,4.1,0.748,1.08,1
USER-000151,26-35,Otros,Desktop,Premium,250,16,106.19,141.0,8,15.9,6.8,0.427,1.92,0
USER-000152,36-45,Rosario,Mobile,Free,108,39,,154.0,10,101.3,11.7,0.66,10.83,1
USER-000153,18-25,Otros,Desktop,Free,351,13,385.81,106.0,19,,10.5,,1.11,0
USER-000154,36-45,Buenos Aires,Mobile,Premium,217,25,155.74,18.0,22,,9.4,0.387,3.46,0
USER-000155,26-35,Buenos Aires,Desktop,Free,261,22,487.93,33.0,24,45.1,11.7,0.255,2.53,1
USER-000156,18-25,Cordoba,Mobile,Free,127,24,,107.0,7,,18.1,0.651,5.67,1
USER-000157,36-45,Buenos Aires,Mobile,Enterprise,70,29,254.39,78.0,15,3.8,19.0,0.404,12.43,0
USER-000158,18-25,Cordoba,Mobile,Basic,242,41,339.54,73.0,17,2.0,3.0,0.107,5.08,0
USER-000159,36-45,Mendoza,Mobile,Basic,230,36,285.29,92.0,17,35.3,8.3,0.36,4.7,1
USER-000160,26-35,,Desktop,Free,84,6,203.01,86.0,17,112.7,15.3,0.159,2.14,0
USER-000161,26-35,Buenos Aires,Mobile,Premium,105,30,264.47,38.0,19,107.3,3.7,0.745,8.57,0
USER-000162,18-25,Otros,Desktop,Free,202,21,258.58,,17,59.3,11.7,0.38,3.12,0
USER-000163,26-35,Rosario,Tablet,Basic,357,50,450.4,176.0,20,4.2,10.0,0.774,4.2,1
USER-000164,36-45,Mendoza,Mobile,Free,69,40,363.38,97.0,4,98.8,5.6,0.458,17.39,1
USER-000165,18-25,Buenos Aires,Mobile,Free,7,44,109.91,,24,73.8,10.0,0.679,44.0,1
USER-000166,36-45,Cordoba,Mobile,Enterprise,334,30,267.48,80.0,30,21.6,,0.274,2.69,0
USER-000167,36-45,La Plata,Desktop,Premium,184,16,308.94,49.0,30,30.3,11.6,,2.61,1
USER-000168,36-45,Mendoza,Desktop,Basic,213,30,180.91,,9,15.5,13.9,0.304,4.23,1
USER-000169,,,Desktop,Free,163,18,478.1,20.0,11,,13.5,0.598,3.31,0
USER-000170,18-25,Cordoba,Tablet,Basic,256,8,63.52,150.0,7,29.9,13.7,0.425,0.94,1
USER-000171,18-25,Buenos Aires,Mobile,Basic,39,43,387.68,1.0,30,,18.7,0.326,33.08,1
USER-000172,,Buenos Aires,Tablet,Free,122,41,38.99,22.0,20,69.3,11.2,0.578,10.08,1
USER-000173,46-55,Buenos Aires,Desktop,Free,346,2,498.61,,25,,18.8,0.77,,0
USER-000174,46-55,Buenos Aires,Mobile,Free,217,21,149.44,,17,63.4,17.9,0.107,,0
USER-000175,26-35,Buenos Aires,Mobile,Free,107,29,327.66,47.0,0,88.7,,0.454,8.13,1
USER-000176,18-25,La Plata,Desktop,Premium,267,32,170.68,102.0,21,12.4,19.7,0.382,3.6,1
USER-000177,18-25,Cordoba,Mobile,Free,238,21,157.95,146.0,0,32.1,7.8,0.189,2.65,0
USER-000178,18-25,Buenos Aires,Mobile,Basic,24,45,387.22,,3,77.0,18.9,0.294,45.0,1
USER-000179,18-25,Buenos Aires,Mobile,Premium,252,38,193.08,179.0,17,109.6,15.4,,4.52,0
USER-000180,36-45,Rosario,Mobile,Premium,254,33,228.91,180.0,11,10.3,11.7,,,0
USER-000181,46-55,Buenos Aires,Mobile,Free,85,33,226.5,174.0,6,86.3,10.3,,11.65,1
USER-000182,46-55,Cordoba,Mobile,Basic,137,3,283.81,172.0,25,37.7,1.4,0.204,0.66,0
USER-000183,36-45,Rosario,Mobile,Free,364,4,275.17,,29,107.4,19.7,,0.33,1
USER-000184,26-35,Mendoza,Desktop,Enterprise,219,41,482.25,95.0,28,46.5,17.5,0.725,5.62,0
USER-000185,18-25,Otros,Desktop,Free,173,22,68.13,137.0,12,,14.8,0.178,3.82,1
USER-000186,36-45,Otros,Mobile,Premium,364,27,270.65,58.0,7,55.8,3.9,0.151,2.23,0
USER-000187,18-25,Rosario,Desktop,Premium,308,1,127.93,17.0,3,71.7,9.5,0.538,0.1,1
USER-000188,18-25,Buenos Aires,Mobile,Basic,341,48,433.23,14.0,4,61.0,6.5,0.653,,0
USER-000189,26-35,Rosario,Desktop,Free,71,19,439.37,169.0,16,27.3,6.7,0.049,8.03,1
USER-000190,46-55,Otros,Desktop,Basic,63,31,32.97,88.0,30,77.6,8.2,0.42,14.76,0
USER-000191,26-35,Buenos Aires,Mobile,Premium,9,30,128.07,57.0,9,103.0,3.7,0.37,30.0,1
USER-000192,36-45,Otros,Mobile,Free,336,15,134.95,84.0,20,10.4,9.5,0.297,,0
USER-000193,36-45,Buenos Aires,Mobile,Basic,91,38,29.38,18.0,6,96.8,12.2,0.537,12.53,0
USER-000194,26-35,La Plata,Mobile,Enterprise,254,0,113.79,999.0,6,115.5,3.2,0.8,0.0,0
USER-000195,46-55,Rosario,Desktop,Free,120,15,280.52,72.0,12,56.5,13.3,0.247,3.75,0
USER-000196,26-35,Cordoba,Mobile,Enterprise,181,30,383.2,81.0,29,25.2,6.9,0.037,4.97,1
USER-000197,36-45,Buenos Aires,Mobile,Basic,252,46,,39.0,6,40.3,8.2,0.667,5.48,1
USER-000198,36-45,Otros,Mobile,Premium,110,31,483.59,,23,59.4,4.2,0.636,8.45,1
USER-000199,18-25,Cordoba,Mobile,Premium,279,41,479.05,134.0,1,100.8,2.4,0.654,4.41,1
USER-000200,36-45,Cordoba,Desktop,Free,341,45,84.0,55.0,16,,2.1,,3.96,1
USER-000201,46-55,Rosario,Mobile,Basic,50,26,15.81,135.0,23,33.7,19.6,0.014,15.6,1
USER-000202,36-45,,Tablet,Free,8,6,266.95,61.0,6,74.8,5.8,0.284,6.0,1
USER-000203,18-25,,Mobile,Free,162,44,120.67,175.0,26,101.9,13.4,0.687,8.15,1
USER-000204,18-25,Cordoba,Mobile,Free,349,0,354.39,999.0,2,60.5,9.2,0.628,0.0,1
USER-000205,55+,Otros,Desktop,Premium,76,14,113.59,177.0,28,,6.2,0.739,5.53,1
USER-000206,,La Plata,Mobile,Free,15,20,17.67,53.0,18,18.2,16.6,0.657,,0
USER-000207,26-35,Rosario,Mobile,Premium,326,43,449.3,84.0,12,90.9,3.7,0.791,3.96,1
USER-000208,26-35,Otros,Mobile,Basic,325,4,176.89,157.0,30,71.9,19.4,,0.37,1
USER-000209,,Otros,Mobile,Free,41,24,221.61,174.0,18,79.6,2.6,0.495,17.56,1
USER-000210,36-45,Buenos Aires,Mobile,Premium,239,40,,99.0,10,,2.7,0.754,5.02,0
USER-000211,26-35,Buenos Aires,Mobile,Free,138,28,282.92,131.0,13,13.3,2.7,0.443,6.09,0
USER-000212,36-45,Buenos Aires,Mobile,Free,60,24,391.79,143.0,28,119.1,5.6,0.417,12.0,0
USER-000213,26-35,Buenos Aires,,Basic,15,4,91.93,70.0,13,36.7,15.9,,,0
USER-000214,36-45,Cordoba,Desktop,Basic,239,8,159.28,101.0,10,101.2,8.2,0.69,1.0,0
USER-000215,26-35,La Plata,Desktop,Enterprise,140,8,157.21,154.0,30,83.7,10.1,0.142,,1
USER-000216,55+,Buenos Aires,Desktop,Basic,162,36,393.17,83.0,12,34.4,15.9,0.292,6.67,1
USER-000217,18-25,Otros,Mobile,Premium,77,1,,118.0,30,85.3,9.3,0.233,0.39,0
USER-000218,18-25,La Plata,Desktop,,11,8,320.33,61.0,8,79.4,14.6,0.631,8.0,1
USER-000219,26-35,Rosario,Mobile,Basic,328,44,214.97,9.0,25,116.2,14.3,0.65,4.02,1
USER-000220,36-45,Buenos Aires,Desktop,Basic,61,22,91.51,,1,68.0,13.3,0.517,10.82,1
USER-000221,55+,Cordoba,Mobile,Free,196,32,375.96,142.0,18,82.8,5.2,0.299,4.9,0
USER-000222,36-45,Rosario,Mobile,Free,128,1,246.56,75.0,13,110.5,2.6,0.665,0.23,0
USER-000223,26-35,Buenos Aires,Desktop,Basic,293,22,243.32,112.0,23,83.9,7.1,,2.25,1
USER-000224,18-25,La Plata,Desktop,Basic,2,10,465.66,62.0,16,21.8,4.0,0.448,10.0,0
USER-000225,18-25,Cordoba,,Basic,129,27,203.84,157.0,28,24.5,12.3,0.311,6.28,0
USER-000226,18-25,Buenos Aires,Desktop,Premium,5,36,59.86,,5,44.5,4.7,0.091,36.0,1
USER-000227,46-55,Cordoba,Desktop,Basic,22,39,202.35,29.0,11,42.9,9.7,0.138,39.0,0
USER-000228,36-45,Buenos Aires,Desktop,Free,21,8,163.46,61.0,9,14.9,8.1,0.113,8.0,0
USER-000229,26-35,Buenos Aires,Mobile,Free,167,40,273.32,165.0,29,120.0,11.5,0.392,7.19,0
USER-000230,18-25,La Plata,Desktop,Premium,294,0,247.46,999.0,6,98.0,19.3,0.404,0.0,0
USER-000231,26-35,Cordoba,Desktop,Basic,112,10,50.51,7.0,25,91.6,,0.22,2.68,0
USER-000232,26-35,Mendoza,Mobile,Premium,90,31,279.37,28.0,18,14.6,15.7,0.659,10.33,1
USER-000233,26-35,Mendoza,Desktop,Basic,178,13,494.99,26.0,23,99.8,,0.238,2.19,1
USER-000234,26-35,Buenos Aires,Desktop,Basic,349,7,390.06,60.0,6,97.5,12.2,0.281,0.6,0
USER-000235,36-45,Cordoba,Desktop,Premium,2,13,,145.0,11,64.3,12.3,,13.0,0
USER-000236,26-35,Rosario,Tablet,Basic,5,43,409.44,,30,90.3,8.8,0.047,43.0,0
USER-000237,46-55,Buenos Aires,Desktop,Free,224,45,,63.0,24,101.4,8.5,0.114,,0
USER-000238,,Cordoba,Mobile,Basic,42,49,55.62,131.0,23,34.1,18.8,0.295,35.0,1
USER-000239,26-35,Buenos Aires,Desktop,Premium,116,46,486.35,,21,84.0,17.2,0.637,11.9,0
USER-000240,18-25,Cordoba,Mobile,Free,162,18,175.5,147.0,4,68.4,10.2,0.275,3.33,1
USER-000241,36-45,Buenos Aires,Desktop,Premium,16,1,70.88,40.0,14,55.3,19.8,0.342,1.0,1
USER-000242,46-55,La Plata,Mobile,Premium,13,17,55.74,92.0,8,,13.6,0.519,17.0,1
USER-000243,26-35,Buenos Aires,Desktop,Free,339,41,54.69,24.0,0,26.4,2.5,,3.63,1
USER-000244,36-45,Buenos Aires,Desktop,Premium,100,27,350.08,122.0,2,28.2,2.7,0.645,8.1,1
USER-000245,,La Plata,Mobile,Premium,313,48,438.5,164.0,21,18.0,11.1,0.007,4.6,1
USER-000246,18-25,Cordoba,Mobile,Premium,33,26,311.88,113.0,27,26.9,,0.112,23.64,1
USER-000247,36-45,Cordoba,Tablet,Free,302,8,131.42,165.0,2,30.5,12.4,0.577,0.79,0
USER-000248,36-45,Rosario,Desktop,Basic,220,19,110.67,155.0,16,23.4,8.4,0.517,2.59,0
USER-000249,26-35,Buenos Aires,Mobile,Basic,243,33,445.48,3.0,11,112.1,3.5,0.689,4.07,1
USER-000250,26-35,Cordoba,Mobile,Basic,74,49,45.77,150.0,2,,5.1,0.738,19.86,1
USER-000251,26-35,Rosario,Mobile,Basic,162,44,207.12,163.0,17,65.0,3.9,0.067,,1
USER-000252,26-35,Buenos Aires,Desktop,Basic,325,25,,166.0,21,77.5,6.9,0.35,2.31,0
USER-000253,18-25,Buenos Aires,Mobile,Basic,243,38,36.96,170.0,23,79.3,4.3,,4.69,0
USER-000254,36-45,Buenos Aires,Tablet,Basic,295,50,413.03,,5,,15.2,0.699,5.08,1
USER-000255,36-45,Buenos Aires,Desktop,Free,305,4,138.85,147.0,20,10.2,9.6,0.288,0.39,0
USER-000256,46-55,Buenos Aires,Mobile,Premium,110,36,340.32,29.0,7,89.2,1.0,0.687,9.82,1
USER-000257,18-25,Cordoba,Mobile,Free,359,2,280.9,,13,27.7,,0.733,0.17,1
USER-000258,26-35,Buenos Aires,Mobile,Basic,202,3,97.88,132.0,1,114.5,,0.372,0.45,0
USER-000259,36-45,Buenos Aires,Mobile,Basic,221,23,108.33,144.0,25,37.2,12.8,0.371,3.12,0
USER-000260,55+,Otros,Desktop,Premium,63,34,382.64,62.0,4,1.8,8.8,0.186,16.19,1
USER-000261,36-45,Rosario,Mobile,Free,188,48,332.08,78.0,3,25.4,19.7,,7.66,0
USER-000262,55+,Buenos Aires,Mobile,Free,335,14,449.67,133.0,13,84.4,8.1,0.78,1.25,1
USER-000263,36-45,Cordoba,Desktop,Free,322,37,288.23,111.0,21,115.7,5.5,0.209,3.45,0
USER-000264,46-55,Cordoba,Desktop,Free,204,28,143.26,,30,25.1,,,4.12,0
USER-000265,18-25,,Mobile,Free,286,22,482.67,53.0,14,37.7,6.0,0.096,2.31,1
USER-000266,46-55,Buenos Aires,Desktop,Basic,285,13,419.6,83.0,4,11.9,,,,1
USER-000267,18-25,Buenos Aires,Desktop,Free,103,25,428.75,142.0,23,66.5,2.8,0.082,7.28,0
USER-000268,18-25,Buenos Aires,Desktop,Free,294,12,,95.0,21,,13.2,0.466,1.22,1
USER-000269,46-55,Buenos Aires,Tablet,Free,233,41,227.28,32.0,2,108.7,16.8,0.265,5.28,0
USER-000270,46-55,Buenos Aires,Tablet,Basic,344,46,203.55,7.0,12,82.3,4.3,0.172,4.01,1
USER-000271,26-35,Cordoba,Mobile,Basic,270,39,130.43,75.0,15,50.0,11.5,0.049,4.33,1
USER-000272,26-35,Cordoba,Desktop,,222,15,319.07,,25,3.3,8.3,,2.03,0
USER-000273,26-35,Cordoba,Tablet,Basic,120,24,142.51,6.0,10,,1.6,,6.0,1
USER-000274,18-25,Otros,Mobile,Premium,222,14,487.25,25.0,7,79.2,,0.653,1.89,1
USER-000275,36-45,Otros,Mobile,Enterprise,337,24,183.85,44.0,5,29.1,7.0,0.59,2.14,1
USER-000276,46-55,Buenos Aires,Desktop,Premium,182,36,79.63,48.0,26,118.6,17.8,0.394,5.93,1
USER-000277,18-25,Buenos Aires,Mobile,Basic,207,1,267.96,0.0,10,110.2,4.8,0.104,0.14,1
USER-000278,46-55,La Plata,Mobile,Free,275,37,355.3,36.0,24,14.2,,0.292,4.04,1
USER-000279,26-35,Otros,Mobile,Free,328,19,168.08,40.0,23,113.9,16.0,0.769,,0
USER-000280,26-35,Mendoza,Mobile,Premium,33,39,395.63,57.0,21,71.1,4.3,,,1
USER-000281,26-35,Buenos Aires,Mobile,Premium,13,36,201.88,145.0,1,22.7,7.0,0.647,36.0,1
USER-000282,18-25,Rosario,Tablet,Free,52,47,48.13,88.0,10,21.0,,0.071,27.12,0
USER-000283,36-45,Mendoza,Mobile,Free,3,13,132.28,17.0,11,31.5,3.1,0.001,13.0,1
USER-000284,26-35,,Mobile,Basic,168,24,,96.0,3,99.6,16.0,0.462,4.29,1
USER-000285,18-25,Cordoba,Desktop,Free,14,1,166.17,26.0,2,41.7,17.9,0.129,1.0,1
USER-000286,,La Plata,Mobile,Basic,327,39,447.68,180.0,0,52.3,13.4,0.486,3.58,0
USER-000287,18-25,Buenos Aires,Mobile,Free,143,44,281.52,138.0,8,79.6,6.7,0.077,9.23,0
USER-000288,36-45,La Plata,Mobile,Free,164,27,52.94,,20,72.4,4.8,,4.94,0
USER-000289,36-45,Otros,Mobile,Free,278,50,204.76,,28,79.7,2.7,,5.4,0
USER-000290,26-35,Cordoba,Mobile,Free,271,28,237.88,57.0,26,33.0,2.2,0.602,3.1,1
USER-000291,,Rosario,Desktop,Basic,24,48,298.97,141.0,1,101.1,16.5,0.335,48.0,0
USER-000292,,Otros,Mobile,Free,91,19,,8.0,16,69.0,,0.457,6.26,1
USER-000293,18-25,Otros,Mobile,Premium,48,10,486.36,,4,6.1,2.5,,6.25,1
USER-000294,55+,Rosario,Desktop,Free,262,46,457.95,,2,47.2,8.5,0.261,5.27,0
USER-000295,26-35,Otros,,Premium,224,37,266.06,107.0,3,50.3,3.8,0.47,4.96,0
USER-000296,46-55,Rosario,,Free,314,34,441.27,,8,46.6,10.2,0.487,3.25,0
USER-000297,18-25,Cordoba,Desktop,Basic,346,25,29.0,84.0,22,29.3,15.2,0.737,2.17,0
USER-000298,18-25,La Plata,Mobile,Free,175,31,430.54,175.0,3,,5.3,0.24,5.31,1
USER-000299,36-45,Buenos Aires,Desktop,Basic,139,5,102.09,54.0,29,99.1,15.1,,1.08,1
USER-000300,46-55,Cordoba,Mobile,Free,174,32,207.66,,28,68.7,4.3,0.7,5.52,1
USER-000301,46-55,Buenos Aires,Mobile,Premium,263,45,107.56,94.0,26,56.2,8.5,0.738,5.13,0
USER-000302,18-25,Cordoba,Mobile,Free,17,30,297.57,,11,20.5,18.0,0.599,30.0,0
USER-000303,18-25,Buenos Aires,Mobile,Premium,13,49,482.81,56.0,20,27.8,4.9,0.521,49.0,0
USER-000304,18-25,Mendoza,Desktop,Free,103,8,327.21,153.0,25,2.0,5.8,0.644,2.33,1
USER-000305,36-45,Mendoza,Mobile,Premium,209,22,234.91,55.0,14,37.0,,,3.16,0
USER-000306,18-25,Cordoba,Desktop,Premium,66,23,285.11,152.0,19,34.6,14.0,0.385,10.45,1
USER-000307,55+,Rosario,Desktop,Free,193,45,476.57,166.0,9,23.4,10.8,0.192,6.99,1
USER-000308,46-55,La Plata,Desktop,Basic,336,43,78.57,6.0,20,60.2,6.6,0.726,3.84,1
USER-000309,26-35,Buenos Aires,Desktop,Basic,158,12,178.15,56.0,21,64.6,15.9,0.725,2.28,1
USER-000310,26-35,Buenos Aires,Mobile,Basic,22,35,98.76,24.0,15,16.2,,0.647,35.0,0
USER-000311,46-55,La Plata,Desktop,Free,272,14,374.66,78.0,13,94.8,7.3,0.208,1.54,0
USER-000312,26-35,Buenos Aires,Mobile,Basic,215,37,472.71,18.0,15,106.8,10.5,0.694,5.16,0
USER-000313,,Cordoba,Desktop,Free,170,12,177.91,145.0,28,108.9,9.7,,2.12,1
USER-000314,36-45,Cordoba,Desktop,,273,40,38.43,115.0,8,25.9,15.7,0.461,4.4,0
USER-000315,26-35,Mendoza,Mobile,Basic,284,40,220.41,109.0,30,57.8,,0.427,4.23,1
USER-000316,55+,La Plata,Desktop,Basic,174,1,341.61,160.0,23,30.6,14.2,0.275,0.17,1
USER-000317,18-25,Cordoba,Mobile,Free,299,2,156.12,74.0,14,87.6,,0.27,0.2,1
USER-000318,55+,Buenos Aires,Tablet,,14,12,,103.0,0,28.2,14.8,0.105,12.0,0
USER-000319,36-45,Buenos Aires,Mobile,Basic,354,2,193.84,,8,92.8,12.8,0.475,0.17,1
USER-000320,36-45,Rosario,Mobile,Basic,341,26,227.71,31.0,17,,14.3,0.164,2.29,0
USER-000321,36-45,Buenos Aires,Desktop,Basic,14,17,315.17,179.0,4,50.8,18.1,0.409,17.0,0
USER-000322,18-25,Buenos Aires,Mobile,Free,49,12,391.2,133.0,6,43.6,8.8,0.128,7.35,1
USER-000323,26-35,Buenos Aires,Tablet,Free,85,0,16.25,999.0,2,108.9,16.9,0.535,0.0,0
USER-000324,46-55,Mendoza,Mobile,Premium,289,16,325.73,116.0,9,32.4,2.0,0.651,1.66,0
USER-000325,46-55,Cordoba,Desktop,Basic,345,7,56.55,,0,,,,0.61,0
USER-000326,46-55,Otros,Mobile,Premium,182,23,409.33,46.0,3,48.7,19.3,0.217,3.79,0
USER-000327,36-45,Cordoba,Mobile,Premium,168,10,,,23,8.0,18.9,0.128,1.79,0
USER-000328,46-55,Cordoba,,Basic,152,39,196.08,91.0,19,4.4,14.0,0.671,7.7,1
USER-000329,26-35,Cordoba,Desktop,Basic,299,4,138.19,80.0,0,84.8,13.9,0.614,0.4,0
USER-000330,36-45,Buenos Aires,Tablet,Premium,70,33,266.32,179.0,19,,13.6,0.199,14.14,0
USER-000331,36-45,Rosario,Mobile,Premium,188,39,36.74,164.0,29,,17.1,0.681,6.22,1
USER-000332,18-25,Cordoba,Mobile,Enterprise,281,3,258.4,140.0,20,46.1,16.5,0.063,0.32,0
USER-000333,,Cordoba,Desktop,Basic,138,7,490.53,,0,13.2,8.8,0.446,1.52,0
USER-000334,46-55,Mendoza,Tablet,Basic,365,32,285.54,167.0,21,55.3,7.5,0.66,2.63,1
USER-000335,,Buenos Aires,Desktop,Basic,251,45,332.01,115.0,3,12.6,13.5,0.002,5.38,0
USER-000336,,Otros,Mobile,Basic,184,44,,42.0,15,17.7,14.6,0.577,7.17,1
USER-000337,26-35,Buenos Aires,Mobile,Premium,311,13,233.95,48.0,22,41.2,,0.037,1.25,0
USER-000338,46-55,Rosario,Desktop,Basic,41,42,298.76,129.0,4,115.7,1.1,0.589,30.73,1
USER-000339,46-55,La Plata,Mobile,Basic,82,11,348.99,44.0,23,98.0,3.0,0.526,4.02,1
USER-000340,46-55,Cordoba,Mobile,Enterprise,55,44,383.56,,12,115.7,19.4,0.362,24.0,0
USER-000341,18-25,Rosario,Desktop,Basic,297,44,278.42,80.0,22,88.7,11.5,0.174,4.44,1
USER-000342,36-45,Buenos Aires,Mobile,Basic,258,45,,45.0,16,65.6,13.1,0.568,5.23,0
USER-000343,36-45,Rosario,Tablet,Premium,185,43,376.46,,9,105.4,9.0,0.01,6.97,1
USER-000344,18-25,Buenos Aires,Desktop,Free,311,48,394.91,73.0,21,30.8,16.9,0.552,4.63,0
USER-000345,18-25,Cordoba,Mobile,Basic,214,39,435.34,143.0,27,27.7,13.3,0.311,,1
USER-000346,36-45,Mendoza,Mobile,Basic,104,24,199.9,175.0,10,,2.0,0.595,6.92,0
USER-000347,36-45,Mendoza,Desktop,Premium,262,40,355.27,,11,90.9,11.4,0.483,4.58,1
USER-000348,,Buenos Aires,Desktop,Free,266,11,370.19,30.0,12,5.8,6.3,,1.24,1
USER-000349,36-45,Buenos Aires,Mobile,Premium,283,9,29.57,82.0,19,7.1,18.7,0.492,0.95,0
USER-000350,26-35,Mendoza,,Free,27,45,165.75,56.0,30,22.9,2.3,0.404,45.0,1
USER-000351,26-35,Cordoba,Mobile,Premium,153,42,172.62,92.0,9,,15.3,0.424,8.24,1
USER-000352,46-55,Otros,Mobile,Basic,78,28,127.77,164.0,19,110.3,,,10.77,1
USER-000353,26-35,Mendoza,Mobile,Free,201,46,148.59,132.0,26,,10.8,0.407,6.87,1
USER-000354,18-25,La Plata,Mobile,Basic,116,6,92.02,137.0,17,1.9,2.2,0.536,1.55,0
USER-000355,46-55,Cordoba,Mobile,Basic,256,44,440.53,111.0,20,98.2,2.4,0.549,,1
USER-000356,26-35,Buenos Aires,Mobile,Free,353,50,133.43,18.0,18,98.8,18.3,0.326,4.25,0
USER-000357,,Cordoba,Mobile,Basic,135,34,12.89,158.0,2,91.0,12.1,0.561,7.56,0
USER-000358,26-35,Cordoba,Mobile,Basic,328,38,52.39,112.0,12,48.0,13.6,0.379,3.48,0
USER-000359,18-25,Mendoza,Desktop,Premium,92,18,480.47,36.0,9,81.6,18.4,,5.87,0
USER-000360,26-35,Otros,Mobile,Basic,34,7,30.47,146.0,19,47.9,11.4,0.068,6.18,1
USER-000361,36-45,Otros,,Basic,258,41,,36.0,5,,12.7,0.202,4.77,0
USER-000362,18-25,Mendoza,Desktop,Premium,307,35,236.02,140.0,2,35.6,2.3,0.079,3.42,0
USER-000363,26-35,Buenos Aires,Mobile,Basic,68,6,149.72,17.0,28,24.0,10.2,0.263,2.65,1
USER-000364,26-35,Rosario,Mobile,Free,28,20,479.74,43.0,0,38.3,15.9,0.57,20.0,0
USER-000365,26-35,La Plata,Mobile,Premium,37,30,236.8,91.0,24,37.4,11.5,0.141,24.32,0
USER-000366,18-25,Buenos Aires,Desktop,Premium,55,12,138.98,160.0,2,87.6,17.9,0.68,6.55,1
USER-000367,18-25,Rosario,Mobile,Basic,42,2,280.28,139.0,28,119.8,10.0,0.62,1.43,0
USER-000368,26-35,La Plata,Mobile,Premium,178,8,237.7,130.0,2,48.2,10.5,0.53,1.35,1
USER-000369,36-45,Mendoza,Mobile,Free,51,36,474.87,168.0,27,116.2,15.0,0.387,21.18,1
USER-000370,18-25,Mendoza,Mobile,Free,182,14,30.98,52.0,16,109.0,7.9,,2.31,1
USER-000371,46-55,Buenos Aires,Desktop,Free,133,33,320.45,70.0,26,89.3,12.0,0.456,7.44,0
USER-000372,,Cordoba,Desktop,Premium,173,33,133.28,57.0,16,49.3,16.5,0.276,5.72,0
USER-000373,46-55,Buenos Aires,Desktop,Basic,119,14,,164.0,8,26.2,,0.29,,0
USER-000374,36-45,Cordoba,Mobile,Free,305,43,244.62,53.0,18,20.2,16.8,0.018,4.23,1
USER-000375,18-25,Rosario,Mobile,Basic,343,36,81.96,42.0,8,110.8,10.8,0.324,,0
USER-000376,36-45,La Plata,Desktop,Premium,77,5,116.13,155.0,15,,,0.664,1.95,1
USER-000377,18-25,Rosario,Desktop,Basic,58,32,139.62,175.0,10,110.8,12.3,0.055,16.55,0
USER-000378,,Buenos Aires,Mobile,Premium,172,32,345.34,38.0,19,12.5,10.0,0.492,5.58,0
USER-000379,46-55,Cordoba,Desktop,Free,346,42,73.86,154.0,17,99.5,18.0,0.62,3.64,0
USER-000380,26-35,Cordoba,Desktop,Basic,33,27,122.45,123.0,25,92.5,,0.644,24.55,0
USER-000381,36-45,Cordoba,Mobile,Premium,9,5,,139.0,13,31.7,1.1,0.595,,1
USER-000382,36-45,Buenos Aires,Mobile,Basic,362,44,,104.0,11,13.7,9.1,0.468,3.65,0
USER-000383,46-55,Cordoba,Mobile,Free,232,43,204.75,52.0,13,,11.6,0.143,5.56,1
USER-000384,36-45,Buenos Aires,Mobile,Free,79,45,205.08,,27,103.8,3.3,0.184,17.09,0
USER-000385,46-55,Buenos Aires,Mobile,Premium,7,35,310.87,175.0,22,7.2,8.4,0.509,35.0,0
USER-000386,46-55,Cordoba,Desktop,Free,319,16,118.67,20.0,19,5.5,8.3,0.788,1.5,1
USER-000387,36-45,Buenos Aires,Tablet,Free,51,49,411.91,163.0,15,53.2,,0.526,28.82,0
USER-000388,26-35,Buenos Aires,Mobile,Basic,100,14,,172.0,1,43.8,13.4,0.781,4.2,0
USER-000389,55+,Mendoza,Mobile,Free,321,37,108.15,3.0,23,84.7,18.5,0.44,3.46,0
USER-000390,46-55,Buenos Aires,Tablet,Free,79,38,,116.0,29,49.1,1.1,,14.43,1
USER-000391,18-25,Buenos Aires,Mobile,Premium,106,32,478.79,,26,,5.8,0.354,9.06,0
USER-000392,36-45,Mendoza,Desktop,Enterprise,172,29,343.98,150.0,27,4.3,,,5.06,1
USER-000393,36-45,Buenos Aires,Desktop,Premium,41,26,478.17,132.0,17,2.2,16.8,0.199,19.02,1
USER-000394,26-35,Mendoza,Mobile,Basic,318,11,,90.0,6,107.4,6.1,0.758,1.04,1
USER-000395,46-55,Buenos Aires,Desktop,Free,16,15,437.64,52.0,7,25.1,5.7,0.495,15.0,1
USER-000396,36-45,Buenos Aires,Mobile,Enterprise,286,31,310.78,138.0,30,6.0,,0.497,,1
USER-000397,46-55,La Plata,Mobile,Free,113,11,492.35,,8,48.3,15.3,0.103,,0
USER-000398,36-45,Cordoba,Mobile,Basic,96,25,,44.0,14,117.2,14.3,0.368,7.81,1
USER-000399,18-25,Rosario,Mobile,Free,13,23,310.26,66.0,5,66.3,5.5,0.377,23.0,1
USER-000400,26-35,Buenos Aires,Mobile,Basic,52,48,192.43,102.0,8,54.6,11.9,0.783,,0
USER-000401,18-25,Buenos Aires,Mobile,Free,14,27,429.59,50.0,4,96.2,,0.378,27.0,0
USER-000402,18-25,Cordoba,Tablet,Premium,361,33,271.65,80.0,25,58.9,5.8,0.687,2.74,1
USER-000403,26-35,Rosario,Mobile,Premium,341,30,421.1,24.0,14,89.6,5.9,0.288,2.64,1
USER-000404,46-55,Buenos Aires,Mobile,Free,80,43,481.93,50.0,18,69.5,13.3,0.14,16.12,1
USER-000405,26-35,Rosario,Mobile,Premium,220,5,196.72,73.0,14,,3.8,0.134,0.68,1
USER-000406,26-35,Rosario,Mobile,Premium,193,5,89.38,58.0,10,38.7,6.5,0.214,0.78,1
USER-000407,26-35,La Plata,Desktop,Premium,35,47,297.59,115.0,13,20.9,17.2,,40.29,0
USER-000408,,Otros,Desktop,Free,245,10,204.55,24.0,2,112.5,10.0,0.043,1.22,1
USER-000409,26-35,Otros,Mobile,Basic,162,5,330.87,99.0,9,28.3,15.0,0.355,0.93,1
USER-000410,18-25,La Plata,Mobile,Basic,301,20,433.48,119.0,27,65.3,6.2,0.356,1.99,0
USER-000411,26-35,Rosario,Mobile,Premium,8,36,,163.0,20,,18.3,0.385,36.0,0
USER-000412,46-55,Cordoba,Mobile,Free,249,19,,133.0,26,91.2,3.6,0.229,2.29,1
USER-000413,18-25,Otros,Tablet,Basic,92,0,385.28,999.0,25,35.9,5.4,0.006,0.0,1
USER-000414,18-25,La Plata,Mobile,Free,174,45,371.19,,26,46.0,6.0,0.338,7.76,0
USER-000415,26-35,Mendoza,Desktop,Basic,243,17,149.49,,25,33.0,4.6,0.055,2.1,1
USER-000416,26-35,Rosario,Desktop,Free,296,39,251.08,82.0,0,19.1,19.4,,,1
USER-000417,26-35,Buenos Aires,Mobile,Free,313,5,83.84,126.0,6,41.7,6.9,0.64,0.48,0
USER-000418,26-35,Mendoza,Mobile,Premium,175,9,,100.0,2,65.6,4.5,0.717,1.54,0
USER-000419,46-55,La Plata,Mobile,Premium,237,15,198.55,113.0,7,88.8,,0.369,1.9,0
USER-000420,26-35,Otros,Mobile,Basic,317,19,468.75,40.0,20,87.7,15.1,0.44,1.8,0
USER-000421,26-35,Rosario,Mobile,Premium,303,42,116.72,28.0,7,76.3,7.2,0.134,4.16,1
USER-000422,36-45,Cordoba,Mobile,Enterprise,224,37,393.9,121.0,22,71.9,8.1,0.072,4.96,0
USER-000423,26-35,Rosario,Mobile,Enterprise,285,48,316.31,15.0,11,,14.3,0.633,5.05,0
USER-000424,26-35,Buenos Aires,Mobile,Basic,301,22,404.71,112.0,23,24.0,14.1,,2.19,0
USER-000425,26-35,Buenos Aires,Desktop,Basic,297,34,351.55,48.0,18,23.2,7.6,0.586,3.43,0
USER-000426,46-55,Rosario,Desktop,Free,225,33,85.96,75.0,26,32.3,8.0,0.001,4.4,0
USER-000427,26-35,,Desktop,Basic,39,23,390.25,61.0,10,86.8,13.5,,17.69,0
USER-000428,18-25,Rosario,Desktop,Free,167,18,168.07,164.0,10,14.1,10.9,0.053,3.23,1
USER-000429,18-25,Buenos Aires,Mobile,Free,299,2,289.8,99.0,21,59.3,12.9,0.472,0.2,1
USER-000430,26-35,Rosario,Mobile,Premium,340,13,331.32,20.0,14,96.3,2.2,0.446,1.15,0
USER-000431,46-55,Mendoza,Mobile,Basic,153,33,29.92,18.0,26,37.2,18.9,0.768,6.47,0
USER-000432,18-25,Buenos Aires,Mobile,Free,316,42,131.89,,30,22.3,15.2,0.332,3.99,0
USER-000433,36-45,Rosario,Desktop,Premium,311,27,442.58,42.0,25,22.5,8.6,,2.6,0
USER-000434,26-35,Rosario,Tablet,Premium,285,35,495.82,,27,45.2,15.5,0.344,3.68,1
USER-000435,36-45,Rosario,Mobile,Premium,200,47,,115.0,14,115.2,,0.028,7.05,1
USER-000436,36-45,,Tablet,Free,220,19,492.35,54.0,27,38.5,15.7,0.755,2.59,1
USER-000437,46-55,Cordoba,Mobile,Basic,224,6,28.49,91.0,4,17.5,8.0,0.466,0.8,1
USER-000438,26-35,Buenos Aires,Mobile,Basic,246,13,369.79,83.0,25,58.4,10.3,,1.59,1
USER-000439,36-45,Otros,Mobile,Free,6,46,406.09,,2,93.8,18.5,0.268,,1
USER-000440,26-35,La Plata,Desktop,Free,143,41,426.24,2.0,20,93.5,8.3,0.244,8.6,1
USER-000441,26-35,Rosario,Mobile,Basic,344,9,34.75,100.0,14,90.6,11.9,0.072,0.78,0
USER-000442,26-35,Cordoba,Mobile,Free,144,36,375.2,140.0,12,,,0.348,7.5,0
USER-000443,18-25,Buenos Aires,Mobile,Basic,8,41,289.95,,19,119.7,11.0,0.194,41.0,1
USER-000444,36-45,Buenos Aires,Tablet,Free,229,42,212.66,93.0,11,,7.5,0.524,5.5,0
USER-000445,18-25,Buenos Aires,Desktop,Premium,209,39,81.45,,29,98.4,4.8,0.299,5.6,1
USER-000446,18-25,Buenos Aires,Tablet,Premium,322,18,16.73,177.0,25,14.2,9.6,0.018,,1
USER-000447,36-45,Buenos Aires,Mobile,Premium,258,35,246.68,36.0,22,84.2,1.3,0.466,4.07,1
USER-000448,26-35,Buenos Aires,Mobile,Free,26,44,312.8,13.0,14,78.9,1.2,0.311,44.0,1
USER-000449,36-45,Otros,Mobile,Free,227,18,435.03,166.0,12,,8.2,,2.38,0
USER-000450,46-55,Cordoba,Mobile,Free,315,12,255.32,,17,111.2,1.4,0.198,1.14,0
USER-000451,26-35,Cordoba,Desktop,Free,94,43,182.44,160.0,9,29.1,19.6,0.401,13.72,0
USER-000452,36-45,La Plata,Desktop,Premium,334,1,472.63,71.0,7,19.1,18.0,,0.09,0
USER-000453,36-45,Cordoba,Desktop,Premium,321,43,121.44,61.0,18,19.2,19.4,0.728,4.02,1
USER-000454,26-35,Buenos Aires,Desktop,Basic,197,43,402.05,35.0,9,82.9,18.1,0.728,6.55,1
USER-000455,55+,Otros,Mobile,Premium,145,10,165.57,142.0,17,113.9,3.2,0.254,2.07,0
USER-000456,36-45,Mendoza,Desktop,Basic,291,26,,163.0,29,88.9,3.9,0.15,2.68,1
USER-000457,,Mendoza,Desktop,Free,298,36,310.06,152.0,7,28.5,1.5,0.064,3.62,1
USER-000458,18-25,La Plata,Mobile,Basic,121,11,427.54,125.0,15,17.4,4.7,0.026,2.73,0
USER-000459,46-55,Otros,Mobile,Basic,358,12,381.31,16.0,5,,19.7,0.694,1.01,0
USER-000460,36-45,La Plata,Desktop,Basic,115,49,30.49,97.0,23,38.2,12.6,0.594,12.78,1
USER-000461,26-35,Rosario,Desktop,Free,61,6,231.29,10.0,28,119.5,10.9,0.316,2.95,1
USER-000462,36-45,Cordoba,Desktop,Free,345,18,225.38,77.0,24,99.5,9.8,0.338,,1
USER-000463,46-55,Rosario,Tablet,Basic,52,41,231.33,,3,22.4,12.1,0.715,23.65,1
USER-000464,18-25,Cordoba,Mobile,Free,86,37,449.34,51.0,28,55.1,5.8,0.553,12.91,1
USER-000465,36-45,Mendoza,Mobile,Free,1,28,320.7,21.0,16,85.2,14.8,0.78,28.0,0
USER-000466,46-55,Cordoba,Mobile,Premium,52,21,287.09,168.0,27,,17.5,0.143,12.12,0
USER-000467,18-25,Buenos Aires,Desktop,Enterprise,1,18,316.96,30.0,28,16.7,4.9,0.498,18.0,0
USER-000468,18-25,Cordoba,Mobile,Premium,236,38,442.52,60.0,6,,10.0,0.328,4.83,0
USER-000469,36-45,Buenos Aires,Desktop,Free,325,40,283.2,53.0,1,23.0,2.0,0.279,3.69,0
USER-000470,46-55,Rosario,Desktop,Free,291,5,34.03,106.0,5,20.2,6.4,,0.52,1
USER-000471,,Mendoza,Mobile,Basic,7,37,186.49,9.0,2,92.5,7.1,0.718,37.0,0
USER-000472,36-45,La Plata,Mobile,Basic,331,7,350.36,70.0,10,63.7,,0.557,0.63,0
USER-000473,,Rosario,Tablet,Basic,52,5,246.99,,19,112.1,19.7,0.23,2.88,0
USER-000474,46-55,Buenos Aires,Mobile,Basic,54,8,311.0,127.0,16,87.8,10.5,0.646,4.44,1
USER-000475,18-25,Buenos Aires,Mobile,Free,53,29,316.48,,23,101.9,16.2,0.799,16.42,0
USER-000476,18-25,Buenos Aires,Desktop,Free,154,40,108.58,72.0,8,95.0,6.8,0.405,7.79,1
USER-000477,36-45,Buenos Aires,Mobile,Free,200,36,311.84,7.0,26,21.9,7.3,,5.4,0
USER-000478,26-35,Cordoba,Mobile,Free,21,9,317.33,137.0,28,40.9,,0.331,9.0,0
USER-000479,46-55,Buenos Aires,Desktop,Free,337,34,19.17,147.0,21,40.5,18.4,0.637,3.03,1
USER-000480,55+,Buenos Aires,Mobile,Enterprise,332,40,271.79,42.0,18,73.1,4.6,0.093,3.61,1
USER-000481,36-45,Buenos Aires,Mobile,Basic,208,31,439.75,95.0,14,99.7,6.7,,4.47,0
USER-000482,18-25,Mendoza,Desktop,Premium,276,28,257.94,123.0,28,60.5,4.6,0.739,3.04,0
USER-000483,26-35,Buenos Aires,Desktop,Free,97,33,341.59,33.0,6,87.2,9.7,0.571,10.21,1
USER-000484,18-25,,Mobile,Premium,98,5,173.31,11.0,3,,13.5,0.25,1.53,0
USER-000485,36-45,Rosario,Mobile,Free,70,18,145.56,81.0,24,53.5,3.2,0.119,7.71,1
USER-000486,18-25,Otros,Mobile,Free,225,34,181.66,81.0,8,17.8,14.4,0.227,4.53,1
USER-000487,,Buenos Aires,Desktop,Basic,240,3,,120.0,28,81.4,3.0,,,0
USER-000488,26-35,Mendoza,Desktop,Basic,147,44,352.69,157.0,11,38.2,16.5,0.57,8.98,0
USER-000489,46-55,Buenos Aires,Tablet,Premium,22,36,74.58,178.0,14,12.6,6.9,0.516,36.0,1
USER-000490,26-35,Otros,Mobile,Premium,127,16,457.3,100.0,5,84.3,13.6,0.631,3.78,0
USER-000491,26-35,Buenos Aires,Mobile,Free,199,29,424.43,72.0,24,42.5,11.9,0.406,4.37,0
USER-000492,46-55,Mendoza,Mobile,Basic,158,50,158.04,118.0,12,71.3,5.5,0.195,,0
USER-000493,55+,Cordoba,Mobile,Premium,284,37,221.26,111.0,18,94.7,11.3,0.189,3.91,1
USER-000494,36-45,Mendoza,Desktop,Premium,26,7,300.16,118.0,10,67.1,16.6,0.141,7.0,0
USER-000495,18-25,Buenos Aires,Desktop,Premium,158,24,170.43,165.0,21,8.3,5.1,0.111,4.56,1
USER-000496,46-55,Rosario,Mobile,Free,68,9,231.96,74.0,12,74.3,,0.165,3.97,0
USER-000497,26-35,Mendoza,Desktop,Premium,203,27,361.72,88.0,2,70.3,,0.408,3.99,0
USER-000498,46-55,Buenos Aires,Tablet,Enterprise,300,0,354.64,999.0,26,,3.1,0.226,0.0,1
USER-000499,18-25,Mendoza,Mobile,Free,350,24,208.96,111.0,17,26.1,4.3,0.111,2.06,1
USER-000500,26-35,Otros,Desktop,Free,81,42,71.52,2.0,2,78.2,3.7,0.708,15.56,1
USER-000501,26-35,Otros,Mobile,Basic,29,26,431.47,178.0,19,111.7,12.8,0.364,26.0,0
USER-000502,36-45,Cordoba,Mobile,Free,148,38,13.64,,27,,14.5,0.215,7.7,0
USER-000503,36-45,,Mobile,Basic,86,23,65.45,123.0,30,83.2,3.7,0.585,8.02,0
USER-000504,26-35,Buenos Aires,Desktop,Free,222,30,,169.0,30,,14.0,0.431,4.05,0
USER-000505,26-35,Buenos Aires,Mobile,Premium,69,30,232.48,120.0,18,,9.0,0.768,13.04,1
USER-000506,26-35,Buenos Aires,Tablet,Premium,215,46,394.66,66.0,1,75.9,12.0,0.458,6.42,0
USER-000507,55+,La Plata,Desktop,Free,29,5,72.14,19.0,27,94.3,5.8,,5.0,1
USER-000508,46-55,Buenos Aires,Mobile,Free,225,37,,168.0,14,45.0,4.3,0.626,4.93,1
USER-000509,26-35,Mendoza,Desktop,Free,245,5,484.0,152.0,29,98.8,16.9,0.602,0.61,1
USER-000510,36-45,Buenos Aires,Mobile,Basic,154,13,293.1,88.0,1,77.4,15.4,0.093,2.53,0
USER-000511,26-35,Cordoba,Mobile,Premium,280,34,124.49,,22,,6.0,0.424,3.64,1
USER-000512,18-25,Otros,Mobile,Basic,143,33,344.61,10.0,3,110.2,13.1,0.765,6.92,0
USER-000513,36-45,Rosario,Mobile,Free,144,6,135.12,149.0,12,55.9,,0.193,,0
USER-000514,36-45,,Mobile,Basic,21,11,163.5,2.0,21,2.0,2.3,0.329,11.0,1
USER-000515,,Cordoba,Mobile,Free,97,12,26.68,,2,7.8,12.3,0.715,3.71,1
USER-000516,,,Desktop,Free,254,38,73.65,168.0,24,108.1,11.8,0.774,4.49,0
USER-000517,36-45,Buenos Aires,,Premium,309,40,232.19,70.0,24,51.8,18.2,0.616,3.88,1
USER-000518,26-35,Mendoza,Mobile,Free,200,24,173.0,15.0,8,114.7,6.0,0.352,3.6,1
USER-000519,55+,Buenos Aires,Mobile,Basic,114,6,80.5,,6,74.1,3.0,0.353,1.58,0
USER-000520,18-25,Buenos Aires,Mobile,Free,233,28,,127.0,4,78.7,,0.03,3.61,0
USER-000521,26-35,Mendoza,Tablet,Basic,166,32,356.73,125.0,15,52.9,17.0,0.625,5.78,0
USER-000522,26-35,Buenos Aires,Tablet,Premium,330,30,69.39,137.0,29,119.0,7.3,0.242,2.73,0
USER-000523,36-45,Otros,Mobile,Basic,337,21,49.42,117.0,24,92.2,13.3,0.141,1.87,0
USER-000524,55+,Rosario,Mobile,Free,345,6,319.0,91.0,15,11.1,13.0,0.588,0.52,0
USER-000525,18-25,Buenos Aires,Tablet,Free,294,24,40.87,138.0,20,,11.1,0.667,,1
USER-000526,55+,Buenos Aires,Mobile,Free,135,46,30.98,,6,97.0,13.7,,10.22,1
USER-000527,46-55,Cordoba,Desktop,Free,18,4,28.07,36.0,15,,10.0,0.734,4.0,0
USER-000528,18-25,Rosario,Mobile,Basic,342,19,412.16,,14,73.7,16.9,0.051,1.67,0
USER-000529,18-25,Rosario,,Free,311,12,218.84,173.0,12,39.6,19.5,0.461,1.16,0
USER-000530,26-35,Otros,Mobile,Free,295,11,174.4,30.0,8,17.8,8.9,0.557,1.12,1
USER-000531,18-25,Buenos Aires,Mobile,Free,82,50,425.21,156.0,12,93.5,,0.39,,1
USER-000532,18-25,Otros,Desktop,Basic,362,18,213.95,,22,16.1,3.7,,1.49,0
USER-000533,26-35,Otros,Desktop,Free,135,11,361.43,156.0,30,11.5,16.7,0.241,2.44,0
USER-000534,18-25,Buenos Aires,,Basic,151,6,313.27,138.0,16,,15.6,0.527,1.19,0
USER-000535,18-25,Buenos Aires,Mobile,Premium,224,30,253.78,40.0,21,,2.0,0.291,4.02,0
USER-000536,26-35,Buenos Aires,Desktop,Premium,258,2,61.17,,29,64.9,4.0,0.023,0.23,1
USER-000537,18-25,La Plata,Desktop,Basic,102,20,215.34,,28,39.8,15.8,0.261,5.88,1
USER-000538,18-25,Cordoba,Mobile,Premium,315,4,240.79,124.0,1,107.0,3.8,0.742,0.38,0
USER-000539,18-25,Cordoba,Mobile,Free,133,22,488.02,51.0,10,16.1,14.2,0.048,,0
USER-000540,18-25,Cordoba,Mobile,Premium,296,14,444.34,154.0,5,95.0,13.1,0.489,1.42,1
USER-000541,36-45,Rosario,Mobile,Basic,278,33,249.71,,18,57.3,9.8,0.012,3.56,0
USER-000542,36-45,Buenos Aires,Mobile,Basic,146,37,473.66,146.0,28,1.6,,0.032,7.6,0
USER-000543,36-45,Cordoba,Mobile,Free,125,44,412.43,115.0,15,29.6,11.6,0.01,10.56,0
USER-000544,46-55,Buenos Aires,Mobile,Basic,157,5,17.81,171.0,9,20.3,9.7,0.456,0.96,1
USER-000545,18-25,Cordoba,Desktop,Premium,67,25,100.62,94.0,20,56.3,13.0,0.688,11.19,1
USER-000546,26-35,Rosario,Mobile,Free,329,48,142.2,,17,,,0.548,4.38,0
USER-000547,46-55,Mendoza,Mobile,Premium,48,43,,,3,46.6,9.8,0.033,26.88,0
USER-000548,18-25,Rosario,Mobile,Premium,178,13,77.82,,7,65.2,13.3,0.59,,1
USER-000549,46-55,Mendoza,Desktop,Premium,68,20,182.83,68.0,16,81.9,6.3,0.051,8.82,1
USER-000550,26-35,Cordoba,Desktop,Basic,189,34,342.37,,28,35.8,12.8,,5.4,0
USER-000551,46-55,Otros,Mobile,Premium,11,29,52.78,100.0,28,22.3,19.2,0.062,29.0,1
USER-000552,26-35,Rosario,Mobile,Premium,281,33,,5.0,9,50.6,14.0,,3.52,1
USER-000553,26-35,Cordoba,Desktop,Free,123,4,20.8,59.0,26,113.7,13.2,0.329,0.98,1
USER-000554,36-45,Mendoza,Mobile,Basic,190,33,422.53,113.0,14,,3.5,0.631,5.21,1
USER-000555,36-45,Buenos Aires,Mobile,Free,278,3,82.69,72.0,14,114.8,12.8,0.129,0.32,0
USER-000556,26-35,Otros,Desktop,Basic,91,42,399.28,41.0,7,14.9,19.9,0.46,13.85,0
USER-000557,26-35,Buenos Aires,Mobile,Free,140,20,489.23,,11,54.4,19.5,,4.29,0
USER-000558,,Cordoba,Mobile,Free,303,29,464.63,39.0,0,,11.4,0.406,2.87,0
USER-000559,36-45,Cordoba,Mobile,Premium,34,36,336.77,144.0,23,108.9,9.4,0.551,31.76,1
USER-000560,46-55,Buenos Aires,Mobile,Free,120,25,312.59,56.0,14,43.5,7.2,0.487,6.25,1
USER-000561,36-45,Buenos Aires,Tablet,Free,266,1,50.96,114.0,21,80.9,2.7,0.409,0.11,1
USER-000562,26-35,Rosario,Mobile,Free,266,42,186.92,37.0,22,102.6,8.0,0.298,,0
USER-000563,26-35,Buenos Aires,Mobile,Basic,220,13,366.65,113.0,23,119.1,16.3,0.231,1.77,1
USER-000564,,Cordoba,Desktop,Basic,148,9,,121.0,27,63.5,7.4,0.747,1.82,0
USER-000565,36-45,Buenos Aires,Mobile,Premium,63,26,95.7,118.0,22,68.6,18.4,0.159,12.38,1
USER-000566,26-35,Cordoba,Desktop,Free,170,37,158.92,,23,56.2,1.5,0.002,6.53,1
USER-000567,26-35,Rosario,Desktop,Free,231,42,447.42,106.0,5,59.5,14.1,0.196,5.45,0
USER-000568,36-45,Cordoba,Tablet,Basic,304,23,294.72,144.0,13,104.3,,0.381,2.27,0
USER-000569,46-55,Cordoba,Desktop,Free,10,16,89.8,14.0,4,39.0,17.7,0.108,16.0,1
USER-000570,18-25,Cordoba,Desktop,Enterprise,282,3,152.03,135.0,20,112.4,,0.613,0.32,0
USER-000571,36-45,Rosario,Mobile,Free,272,20,415.14,175.0,25,36.8,14.0,0.551,2.21,1
USER-000572,26-35,Cordoba,Mobile,Free,316,18,192.78,,13,,18.3,0.082,1.71,1
USER-000573,26-35,La Plata,Desktop,Basic,286,44,417.39,134.0,27,,11.5,0.605,,1
USER-000574,26-35,Otros,Mobile,Free,307,1,244.96,79.0,22,44.1,16.5,0.712,,0
USER-000575,26-35,Otros,Mobile,Free,60,47,409.14,56.0,4,,,0.181,23.5,0
USER-000576,18-25,Otros,Mobile,Premium,301,7,48.09,,24,52.3,4.7,,0.7,0
USER-000577,26-35,,Mobile,Free,28,4,157.81,2.0,24,12.5,3.4,0.481,4.0,0
USER-000578,46-55,Buenos Aires,Mobile,Free,65,47,471.5,148.0,11,42.9,17.2,0.625,21.69,0
USER-000579,18-25,Rosario,Mobile,Basic,52,0,269.13,999.0,22,23.8,6.4,0.721,,1
USER-000580,18-25,Mendoza,Tablet,Premium,90,45,242.61,178.0,18,23.0,13.8,,15.0,1
USER-000581,55+,Cordoba,Mobile,Basic,184,48,492.46,,14,14.1,3.6,0.61,7.83,0
USER-000582,26-35,Mendoza,Mobile,Basic,5,24,148.97,153.0,23,38.1,19.5,0.355,24.0,1
USER-000583,26-35,Otros,Mobile,Premium,82,30,470.15,94.0,5,2.5,,0.538,10.98,0
USER-000584,26-35,Rosario,Mobile,Free,163,25,350.57,26.0,23,,19.6,0.052,4.6,0
USER-000585,26-35,Rosario,Tablet,Free,264,27,365.35,71.0,24,85.9,12.1,0.218,3.07,1
USER-000586,46-55,Cordoba,Desktop,Enterprise,36,31,260.59,,24,55.1,3.3,0.391,25.83,0
USER-000587,36-45,Buenos Aires,Mobile,Free,247,4,254.09,6.0,5,46.5,13.9,0.122,0.49,1
USER-000588,36-45,Mendoza,Desktop,Basic,47,31,398.44,51.0,9,,10.3,0.209,19.79,1
USER-000589,46-55,Cordoba,Mobile,Premium,190,27,441.26,30.0,12,54.6,17.2,0.354,4.26,0
USER-000590,18-25,Rosario,Desktop,Free,347,45,90.43,110.0,4,38.2,,0.611,3.89,1
USER-000591,36-45,Rosario,Desktop,Basic,74,30,285.51,40.0,16,7.6,6.0,0.473,12.16,1
USER-000592,36-45,Cordoba,Tablet,Free,172,1,299.33,32.0,26,44.6,16.4,,0.17,1
USER-000593,26-35,Buenos Aires,Mobile,Free,45,22,37.66,,7,28.9,6.9,0.068,14.67,1
USER-000594,18-25,Buenos Aires,Mobile,Free,13,20,28.32,168.0,27,51.3,10.8,0.337,20.0,0
USER-000595,36-45,Rosario,Tablet,Free,355,24,167.99,25.0,25,59.1,14.1,0.165,2.03,0
USER-000596,26-35,Mendoza,Mobile,Basic,111,23,485.02,51.0,15,76.6,19.5,0.06,6.22,0
USER-000597,18-25,Buenos Aires,Mobile,Basic,91,14,316.04,23.0,22,101.5,2.8,0.269,4.62,0
USER-000598,36-45,Cordoba,Mobile,Free,331,4,329.25,77.0,16,96.7,,0.432,0.36,0
USER-000599,26-35,Buenos Aires,Mobile,Basic,263,35,98.49,4.0,20,84.7,17.4,0.461,3.99,0
USER-000600,,La Plata,Tablet,Free,256,40,271.03,157.0,27,92.5,9.2,0.453,4.69,1
USER-000601,18-25,Buenos Aires,Mobile,Free,45,47,345.8,76.0,27,52.8,7.1,0.664,,1
USER-000602,36-45,La Plata,Mobile,Free,333,10,135.66,153.0,7,49.3,3.2,0.154,0.9,0
USER-000603,36-45,Buenos Aires,Mobile,Enterprise,240,27,326.99,,6,20.0,3.6,0.207,3.38,0
USER-000604,36-45,Buenos Aires,Desktop,Enterprise,223,31,393.29,14.0,27,107.7,7.0,0.238,,0
USER-000605,46-55,Cordoba,,Basic,333,5,204.48,,7,14.3,15.0,0.746,0.45,0
USER-000606,36-45,Rosario,Desktop,Basic,98,31,443.44,60.0,19,15.6,16.3,0.263,9.49,0
USER-000607,36-45,La Plata,Desktop,Premium,66,13,80.7,44.0,6,116.4,9.4,0.203,5.91,0
USER-000608,18-25,Cordoba,Desktop,Free,64,34,217.65,174.0,7,115.6,17.7,0.75,15.94,1
USER-000609,26-35,Cordoba,Mobile,Basic,180,38,27.06,169.0,25,113.0,14.1,0.631,6.33,1
USER-000610,26-35,Cordoba,Desktop,Premium,243,43,69.81,60.0,27,53.6,1.1,0.769,5.31,1
USER-000611,,Otros,Desktop,Free,235,10,458.79,,10,105.7,15.6,0.325,1.28,1
USER-000612,26-35,Buenos Aires,,Basic,348,47,,85.0,22,51.3,18.5,0.08,4.05,0
USER-000613,36-45,Cordoba,Mobile,Basic,283,35,371.51,116.0,22,4.3,2.0,0.513,3.71,0
USER-000614,26-35,Rosario,Mobile,Free,43,19,163.72,21.0,3,,10.8,,13.26,1
USER-000615,36-45,La Plata,Desktop,Premium,33,20,231.23,34.0,8,21.6,12.3,0.262,18.18,0
USER-000616,18-25,Cordoba,Mobile,Premium,221,36,120.0,5.0,29,67.5,12.6,0.183,4.89,0
USER-000617,55+,Buenos Aires,Desktop,Free,320,25,312.82,153.0,8,18.8,19.2,0.136,2.34,0
USER-000618,18-25,Mendoza,Mobile,Premium,75,29,415.36,126.0,3,27.7,4.9,,11.6,0
USER-000619,26-35,Cordoba,Mobile,Premium,229,38,115.63,72.0,23,81.6,8.9,,4.98,0
USER-000620,18-25,Otros,Mobile,Basic,291,15,191.12,175.0,20,55.5,1.2,0.107,1.55,1
USER-000621,55+,Cordoba,Mobile,Free,200,27,370.69,,2,12.3,2.1,0.266,4.05,0
USER-000622,26-35,Cordoba,Desktop,Basic,245,38,357.69,11.0,0,31.2,12.8,0.242,,1
USER-000623,36-45,Buenos Aires,Desktop,Free,163,11,137.54,128.0,15,111.7,17.7,0.106,2.02,1
USER-000624,36-45,Cordoba,Mobile,Free,203,8,254.61,71.0,23,43.9,9.2,0.722,1.18,0
USER-000625,36-45,Mendoza,Mobile,Free,231,10,164.62,,24,114.1,11.6,,1.3,0
USER-000626,36-45,Buenos Aires,Mobile,Free,40,2,240.42,41.0,22,56.6,3.2,0.716,1.5,1
USER-000627,18-25,Cordoba,Desktop,,112,31,65.12,37.0,3,42.6,4.9,0.227,8.3,1
USER-000628,36-45,La Plata,Mobile,Basic,279,13,295.94,1.0,16,92.3,4.4,0.736,1.4,1
USER-000629,,Rosario,Desktop,Free,239,43,490.85,31.0,12,45.5,18.7,0.085,,1
USER-000630,18-25,Buenos Aires,Desktop,Basic,200,29,317.89,,19,79.3,7.3,0.035,4.35,0
USER-000631,55+,Buenos Aires,Desktop,Premium,47,36,73.37,12.0,25,77.6,7.1,0.044,22.98,0
USER-000632,26-35,Rosario,Mobile,Free,329,15,482.87,102.0,2,3.4,5.0,0.311,1.37,1
USER-000633,26-35,Mendoza,,Free,159,31,402.54,79.0,28,82.5,3.5,,5.85,0
USER-000634,26-35,Cordoba,Desktop,Basic,177,36,304.17,23.0,24,51.3,8.0,0.149,6.1,0
USER-000635,26-35,Buenos Aires,Mobile,Basic,43,14,327.33,39.0,29,59.9,13.0,0.42,9.77,0
USER-000636,26-35,Buenos Aires,Desktop,Free,217,8,345.31,,26,30.6,,0.455,1.11,1
USER-000637,18-25,Buenos Aires,Mobile,Basic,83,6,237.68,145.0,26,31.2,5.8,0.065,2.17,0
USER-000638,18-25,Mendoza,Mobile,Premium,108,25,32.18,106.0,28,84.8,7.0,0.579,,1
USER-000639,26-35,La Plata,Mobile,Premium,22,11,113.42,,23,,,0.539,11.0,0
USER-000640,26-35,Buenos Aires,Mobile,Free,143,30,235.48,,27,79.3,,0.581,,0
USER-000641,,Otros,Mobile,Basic,210,44,340.8,77.0,2,15.9,1.3,0.09,6.29,0
USER-000642,36-45,Buenos Aires,Mobile,Basic,357,9,328.37,111.0,26,75.5,16.0,0.153,0.76,1
USER-000643,36-45,Buenos Aires,Mobile,Free,211,9,372.0,113.0,30,58.7,1.4,0.36,1.28,0
USER-000644,18-25,Rosario,Desktop,Free,241,0,60.31,999.0,27,85.9,19.6,0.679,0.0,1
USER-000645,36-45,Rosario,Mobile,Basic,69,31,261.54,156.0,29,81.8,16.5,0.39,13.48,1
USER-000646,18-25,Buenos Aires,Mobile,Basic,0,17,447.51,106.0,28,57.3,10.4,0.751,17.0,0
USER-000647,26-35,Cordoba,Mobile,Premium,188,30,178.49,,16,27.1,18.3,0.271,4.79,0
USER-000648,46-55,Mendoza,Mobile,Premium,57,46,358.58,106.0,26,113.0,13.4,,24.21,1
USER-000649,36-45,La Plata,Desktop,Free,124,47,52.23,123.0,4,21.6,4.0,0.394,11.37,0
USER-000650,46-55,Cordoba,Mobile,Basic,153,1,185.81,66.0,11,81.6,4.3,0.688,0.2,1
USER-000651,18-25,Buenos Aires,Mobile,Basic,108,7,,124.0,8,,,0.615,1.94,1
USER-000652,26-35,Buenos Aires,Desktop,Basic,80,42,61.03,12.0,29,113.6,16.2,0.77,15.75,0
USER-000653,55+,Mendoza,Desktop,Premium,309,6,413.57,10.0,16,13.5,,0.697,0.58,0
USER-000654,18-25,Buenos Aires,Mobile,Basic,180,46,436.54,39.0,20,44.3,16.6,0.098,7.67,1
USER-000655,26-35,Cordoba,Desktop,Free,262,30,177.25,,5,11.1,8.1,0.604,3.44,1
USER-000656,36-45,Buenos Aires,Desktop,Basic,181,50,121.81,,13,110.2,18.1,0.761,8.29,0
USER-000657,36-45,Cordoba,Mobile,Free,101,0,361.64,999.0,16,113.3,2.6,0.252,0.0,0
USER-000658,26-35,Cordoba,Mobile,Premium,281,9,452.23,14.0,20,117.6,16.2,0.701,0.96,1
USER-000659,26-35,La Plata,Desktop,Premium,214,46,373.92,88.0,0,99.4,18.1,0.488,6.45,1
USER-000660,36-45,Cordoba,Mobile,Basic,290,50,312.91,113.0,22,42.1,16.4,0.519,5.17,0
USER-000661,46-55,Buenos Aires,Mobile,Free,264,46,372.63,32.0,16,119.0,,0.074,5.23,0
USER-000662,26-35,Buenos Aires,Desktop,Free,83,50,274.57,,7,100.0,6.8,0.338,18.07,1
USER-000663,18-25,Buenos Aires,Mobile,Basic,107,22,70.67,166.0,30,15.8,6.7,,6.17,0
USER-000664,26-35,Buenos Aires,Desktop,Basic,133,45,448.23,160.0,21,64.5,12.3,0.28,,1
USER-000665,36-45,La Plata,Mobile,Free,220,24,264.64,63.0,3,40.0,12.1,0.658,3.27,0
USER-000666,26-35,Buenos Aires,Mobile,Basic,181,5,40.47,33.0,15,26.6,2.5,0.541,0.83,0
USER-000667,36-45,Cordoba,Mobile,Free,159,31,321.87,112.0,22,111.8,10.3,0.779,,0
USER-000668,18-25,Buenos Aires,Desktop,Free,282,45,261.46,135.0,3,83.6,9.7,0.026,4.79,1
USER-000669,46-55,Cordoba,Tablet,Basic,285,26,64.06,,18,35.5,10.9,0.094,2.74,1
USER-000670,55+,Buenos Aires,Mobile,Premium,209,9,394.06,107.0,1,112.5,6.8,0.227,1.29,1
USER-000671,46-55,Cordoba,Mobile,Free,272,2,214.61,146.0,9,68.3,18.1,0.625,0.22,0
USER-000672,46-55,La Plata,Mobile,Free,122,40,235.86,115.0,21,54.4,17.5,0.26,9.84,1
USER-000673,36-45,Cordoba,Mobile,Free,46,34,32.45,171.0,28,53.7,6.3,0.071,22.17,0
USER-000674,36-45,Rosario,Desktop,Premium,281,35,326.13,164.0,17,,19.1,0.433,3.74,1
USER-000675,55+,Cordoba,Desktop,Basic,338,1,68.94,136.0,5,115.5,6.2,,0.09,0
USER-000676,46-55,Rosario,Mobile,Basic,4,20,206.88,,15,103.6,1.4,0.35,20.0,0
USER-000677,18-25,Cordoba,Mobile,Free,153,6,,73.0,4,22.7,15.6,0.123,1.18,1
USER-000678,36-45,Buenos Aires,Tablet,Free,157,45,38.67,99.0,3,39.1,8.8,0.259,,0
USER-000679,46-55,La Plata,Mobile,Free,173,38,297.15,126.0,16,90.5,,0.092,6.59,1
USER-000680,26-35,Rosario,Mobile,Free,334,40,124.53,4.0,8,66.9,,0.081,3.59,0
USER-000681,36-45,Buenos Aires,Mobile,Basic,81,40,255.21,36.0,11,65.3,4.2,,14.81,0
USER-000682,55+,Rosario,Mobile,Premium,149,39,151.73,42.0,0,8.2,18.5,0.219,,1
USER-000683,46-55,Cordoba,,Basic,237,37,421.94,72.0,1,20.2,11.1,0.056,4.68,0
USER-000684,26-35,Buenos Aires,Mobile,Basic,320,17,440.36,53.0,19,61.1,16.2,0.707,1.59,0
USER-000685,36-45,Otros,Desktop,Free,190,42,491.68,,6,55.7,,0.013,6.63,0
USER-000686,18-25,Otros,,Free,11,0,339.63,999.0,13,,14.2,0.391,0.0,1
USER-000687,26-35,Mendoza,Desktop,Free,164,1,447.36,171.0,14,81.0,7.7,0.65,0.18,0
USER-000688,26-35,Buenos Aires,Desktop,Basic,58,0,,999.0,11,112.4,9.4,,0.0,1
USER-000689,36-45,Rosario,Desktop,Free,355,39,316.37,,7,117.6,19.4,0.029,3.3,1
USER-000690,46-55,Mendoza,Mobile,Free,113,40,204.08,71.0,18,,4.2,0.155,10.62,0
USER-000691,36-45,Rosario,Mobile,Basic,76,47,41.87,66.0,29,68.8,,0.418,18.55,1
USER-000692,18-25,Rosario,Tablet,Basic,225,34,311.08,174.0,17,106.1,1.0,0.342,4.53,1
USER-000693,46-55,Buenos Aires,,Basic,21,26,144.28,174.0,16,56.5,7.9,0.607,26.0,0
USER-000694,18-25,Otros,Mobile,Free,251,25,105.36,20.0,28,69.0,1.5,,2.99,1
USER-000695,26-35,Buenos Aires,Mobile,Free,12,19,40.79,160.0,3,4.3,9.2,0.019,19.0,1
USER-000696,46-55,La Plata,Mobile,Basic,45,21,417.93,85.0,16,95.5,18.9,0.621,14.0,1
USER-000697,26-35,,Mobile,Free,48,3,459.19,96.0,10,106.9,14.2,0.626,1.88,1
USER-000698,46-55,Cordoba,Mobile,Basic,334,4,59.9,14.0,17,7.2,17.1,0.321,0.36,1
USER-000699,36-45,Buenos Aires,Mobile,Basic,49,0,232.17,999.0,14,95.6,17.7,0.495,0.0,0
USER-000700,36-45,Rosario,Mobile,Basic,192,37,104.32,26.0,0,71.8,2.3,0.632,5.78,0
USER-000701,46-55,Buenos Aires,Mobile,Free,266,30,365.07,113.0,5,29.9,16.1,0.048,3.38,1
USER-000702,36-45,Cordoba,Desktop,Free,206,37,,37.0,4,56.9,12.5,0.233,5.39,0
USER-000703,26-35,Rosario,Mobile,Free,361,35,430.76,108.0,11,24.3,4.8,0.727,2.91,0
USER-000704,26-35,Rosario,,Enterprise,330,38,349.28,148.0,18,115.6,12.7,0.335,3.45,0
USER-000705,18-25,La Plata,Tablet,Basic,282,0,323.0,999.0,22,28.4,,0.191,0.0,1
USER-000706,46-55,Cordoba,Mobile,Premium,196,0,187.78,999.0,2,43.6,,0.114,0.0,1
USER-000707,18-25,Rosario,Desktop,Free,140,1,107.57,72.0,5,27.1,6.0,0.139,,1
USER-000708,18-25,Buenos Aires,Mobile,Free,82,6,20.29,,4,46.1,16.0,0.089,2.2,1
USER-000709,26-35,Buenos Aires,,Basic,258,33,488.78,159.0,28,52.6,14.5,,3.84,1
USER-000710,36-45,Buenos Aires,Mobile,Free,299,38,220.47,162.0,7,110.6,15.5,0.47,3.81,1
USER-000711,26-35,Buenos Aires,Mobile,Basic,91,17,437.7,130.0,30,,,0.582,5.6,0
USER-000712,36-45,Rosario,Mobile,Free,125,41,378.06,95.0,15,62.7,4.4,0.57,9.84,0
USER-000713,36-45,Mendoza,Mobile,Free,96,25,322.67,149.0,20,5.4,5.2,0.162,7.81,1
USER-000714,26-35,Buenos Aires,Desktop,Basic,245,23,134.72,21.0,4,90.4,6.6,0.415,2.82,0
USER-000715,36-45,Cordoba,,Basic,248,29,221.93,94.0,25,60.2,,0.02,3.51,1
USER-000716,18-25,Rosario,Mobile,Free,139,32,261.27,164.0,2,94.5,18.6,0.079,6.91,1
USER-000717,26-35,Cordoba,Mobile,Basic,329,16,158.33,174.0,27,,14.4,0.798,1.46,0
USER-000718,46-55,Buenos Aires,Mobile,Premium,87,50,498.45,103.0,26,70.0,13.5,0.378,17.24,0
USER-000719,55+,Otros,Desktop,Free,103,46,377.08,,7,62.4,15.9,0.606,13.4,1
USER-000720,26-35,Buenos Aires,Desktop,Basic,129,44,214.67,,14,102.5,1.6,0.111,10.23,0
USER-000721,26-35,Mendoza,Mobile,Basic,300,22,176.51,,13,82.6,8.7,0.623,2.2,0
USER-000722,26-35,Rosario,Mobile,Free,90,8,,84.0,18,,12.5,0.486,2.67,0
USER-000723,55+,Buenos Aires,Mobile,Basic,165,12,242.64,84.0,18,115.5,,0.244,2.18,1
USER-000724,18-25,Rosario,Mobile,Basic,278,31,23.15,,2,109.5,8.3,0.165,3.35,1
USER-000725,36-45,Buenos Aires,Mobile,Basic,216,10,170.12,,12,19.7,3.1,0.429,1.39,1
USER-000726,36-45,Cordoba,Tablet,Free,121,13,,170.0,15,,11.9,0.248,3.22,1
USER-000727,26-35,Rosario,Mobile,Free,262,9,228.41,102.0,19,97.1,,0.728,1.03,1
USER-000728,26-35,Rosario,Desktop,Free,114,29,179.92,,12,,16.4,0.14,7.63,0
USER-000729,18-25,Rosario,Mobile,Free,238,42,99.89,145.0,3,47.8,19.0,0.192,5.29,1
USER-000730,26-35,Rosario,Mobile,Premium,285,44,366.0,55.0,29,59.7,19.9,0.442,4.63,0
USER-000731,18-25,Buenos Aires,Desktop,Free,177,28,90.77,53.0,16,6.3,1.5,0.511,4.75,1
USER-000732,36-45,Cordoba,Desktop,Premium,20,25,,64.0,3,85.4,3.6,0.536,25.0,0
USER-000733,26-35,Buenos Aires,Mobile,Free,128,28,78.73,71.0,26,20.2,,0.486,6.56,0
USER-000734,26-35,Cordoba,Mobile,Free,275,48,15.49,69.0,4,53.4,4.4,0.572,5.24,1
USER-000735,26-35,Cordoba,Mobile,Basic,20,33,324.1,168.0,28,13.2,,0.355,33.0,0
USER-000736,18-25,Mendoza,Desktop,Premium,59,23,455.29,51.0,2,2.9,1.5,0.012,11.69,0
USER-000737,36-45,Buenos Aires,Tablet,Free,267,42,92.26,42.0,1,50.5,3.0,0.262,4.72,1
USER-000738,36-45,Rosario,Tablet,Free,78,27,69.19,54.0,3,,4.3,,,1
USER-000739,18-25,Buenos Aires,Mobile,Basic,204,17,328.47,,1,9.0,5.2,,2.5,1
USER-000740,26-35,Otros,Desktop,Premium,59,36,94.01,24.0,19,39.6,,0.311,18.31,1
USER-000741,18-25,Buenos Aires,Desktop,Basic,10,42,246.24,85.0,0,73.4,12.1,0.306,,0
USER-000742,36-45,Cordoba,Desktop,Free,38,1,312.01,31.0,9,29.1,9.1,0.195,,0
USER-000743,18-25,Cordoba,Mobile,Free,325,13,,60.0,29,87.3,19.8,0.355,1.2,0
USER-000744,18-25,,Desktop,Free,197,50,489.01,165.0,26,35.3,1.5,,7.61,1
USER-000745,26-35,Buenos Aires,Mobile,,196,15,402.71,178.0,23,27.5,17.6,0.417,2.3,0
USER-000746,26-35,Buenos Aires,Desktop,Free,272,12,,36.0,30,25.3,2.7,0.474,1.32,1
USER-000747,18-25,,Desktop,Free,261,46,106.79,108.0,5,73.1,6.8,0.461,5.29,1
USER-000748,18-25,La Plata,Mobile,Enterprise,40,23,,42.0,15,,10.6,,17.25,1
USER-000749,46-55,Mendoza,Mobile,Free,286,5,381.84,76.0,19,64.9,11.5,0.141,,0
USER-000750,26-35,Cordoba,Mobile,Basic,171,4,173.28,120.0,6,19.4,4.6,,0.7,0
USER-000751,36-45,Cordoba,Mobile,Basic,109,25,485.54,95.0,12,59.3,13.2,0.471,6.88,1
USER-000752,46-55,Otros,Mobile,Premium,156,10,105.17,111.0,30,31.4,18.3,0.578,1.92,0
USER-000753,36-45,,Mobile,Free,105,24,463.99,,7,57.8,18.5,0.289,6.86,0
USER-000754,36-45,Rosario,Desktop,Free,4,29,472.69,37.0,8,,12.0,0.53,29.0,1
USER-000755,18-25,Mendoza,Desktop,Premium,283,25,355.97,20.0,16,,17.6,0.133,2.65,1
USER-000756,26-35,Buenos Aires,Tablet,Basic,147,24,297.18,105.0,24,105.3,14.8,0.071,4.9,0
USER-000757,36-45,Mendoza,Desktop,Free,40,13,,101.0,22,37.7,19.8,0.653,9.75,1
USER-000758,18-25,Mendoza,Mobile,Basic,365,18,369.19,43.0,5,45.6,14.4,0.158,1.48,1
USER-000759,26-35,Buenos Aires,Mobile,Free,272,12,38.9,46.0,25,91.3,5.9,0.722,1.32,1
USER-000760,26-35,Otros,Mobile,Basic,156,5,153.63,96.0,3,33.9,7.5,0.469,0.96,0
USER-000761,26-35,Mendoza,Mobile,Free,121,0,336.01,999.0,25,118.5,2.8,,0.0,0
USER-000762,26-35,Cordoba,,Free,362,31,241.88,86.0,19,52.1,,0.712,2.57,0
USER-000763,46-55,Otros,Desktop,Free,204,3,487.9,84.0,25,12.9,9.7,0.559,0.44,0
USER-000764,18-25,Buenos Aires,Mobile,Enterprise,294,48,409.38,94.0,14,74.6,13.5,0.38,4.9,1
USER-000765,,Buenos Aires,Desktop,Premium,154,20,18.15,92.0,27,6.4,16.3,0.26,3.9,1
USER-000766,18-25,Cordoba,Desktop,Premium,138,22,219.68,121.0,21,103.0,18.2,0.587,4.78,0
USER-000767,36-45,Mendoza,Desktop,Premium,215,50,429.83,129.0,1,16.2,16.1,0.241,6.98,0
USER-000768,55+,Otros,Mobile,Premium,21,7,246.26,,7,30.0,4.2,0.755,7.0,0
USER-000769,18-25,Cordoba,Desktop,Free,7,20,452.3,71.0,7,86.6,13.7,0.761,20.0,0
USER-000770,18-25,Buenos Aires,Mobile,Premium,22,5,399.81,85.0,27,27.6,11.9,0.739,5.0,1
USER-000771,36-45,Cordoba,Desktop,Premium,332,24,,143.0,30,102.9,16.4,0.179,2.17,1
USER-000772,26-35,Buenos Aires,Mobile,Basic,306,12,374.86,29.0,18,44.8,17.2,0.763,1.18,0
USER-000773,36-45,Buenos Aires,Mobile,Free,70,24,490.13,81.0,24,44.4,13.9,0.637,10.29,0
USER-000774,36-45,Rosario,Mobile,Free,99,29,164.8,75.0,26,27.0,13.9,0.118,8.79,1
USER-000775,18-25,Rosario,Desktop,Premium,220,38,166.87,,22,15.7,19.9,0.565,5.18,0
USER-000776,36-45,Buenos Aires,Mobile,Enterprise,121,3,490.76,85.0,4,99.5,,0.586,0.74,1
USER-000777,36-45,Buenos Aires,Desktop,Free,250,31,,76.0,26,79.5,17.1,0.793,3.72,0
USER-000778,26-35,Cordoba,Mobile,Free,85,25,201.62,,23,34.7,14.2,0.156,8.82,0
USER-000779,26-35,Buenos Aires,Desktop,Basic,85,3,426.41,77.0,14,78.9,12.0,0.354,1.06,0
USER-000780,26-35,Buenos Aires,Mobile,Premium,118,47,329.11,92.0,23,,2.9,0.628,11.95,0
USER-000781,26-35,Otros,Desktop,Free,290,3,,121.0,5,113.5,3.2,0.412,0.31,0
USER-000782,36-45,Otros,Desktop,Basic,192,2,68.21,101.0,15,37.0,,0.138,0.31,1
USER-000783,36-45,Otros,Desktop,Free,173,29,433.8,166.0,12,33.8,13.4,0.294,5.03,1
USER-000784,18-25,Buenos Aires,Desktop,Premium,304,14,21.28,,18,58.1,,0.076,1.38,1
USER-000785,18-25,Cordoba,Desktop,Basic,62,36,71.37,,2,85.9,17.4,0.43,17.42,1
USER-000786,46-55,Buenos Aires,Mobile,Basic,158,33,249.4,132.0,26,70.6,14.6,0.632,6.27,1
USER-000787,36-45,Buenos Aires,Desktop,Free,302,38,350.66,1.0,17,54.2,7.0,0.031,3.77,0
USER-000788,18-25,Buenos Aires,Mobile,Premium,71,2,51.46,31.0,16,36.5,19.4,0.137,0.85,0
USER-000789,18-25,Buenos Aires,Tablet,Basic,29,50,153.76,136.0,14,17.6,,,50.0,0
USER-000790,36-45,Cordoba,Desktop,Basic,185,2,126.18,48.0,4,36.7,16.8,0.766,,0
USER-000791,36-45,Rosario,Mobile,Premium,57,27,46.44,65.0,8,46.4,18.2,0.32,14.21,0
USER-000792,46-55,Rosario,Tablet,Free,323,13,44.57,68.0,20,83.9,4.7,,1.21,0
USER-000793,36-45,Cordoba,Mobile,Premium,29,20,,111.0,12,4.1,12.5,0.062,,1
USER-000794,26-35,Rosario,Mobile,Free,302,5,187.78,85.0,24,33.5,17.5,0.181,0.5,0
USER-000795,,Otros,Mobile,Enterprise,360,50,463.56,44.0,16,87.7,6.8,0.657,4.17,1
USER-000796,18-25,Buenos Aires,Mobile,Free,115,17,307.66,12.0,5,38.8,,0.145,4.43,0
USER-000797,55+,Cordoba,Mobile,Premium,18,30,300.23,,0,82.7,14.6,0.526,30.0,0
USER-000798,26-35,Mendoza,Mobile,Premium,292,23,356.68,63.0,21,73.4,14.4,0.146,2.36,0
USER-000799,36-45,Cordoba,Mobile,Basic,184,45,441.88,58.0,9,,2.7,0.245,7.34,1
USER-000800,46-55,,Mobile,Free,205,5,90.91,14.0,2,89.5,11.5,0.394,0.73,1
USER-000801,55+,Cordoba,Mobile,Premium,360,30,253.92,175.0,21,,,0.324,2.5,0
USER-000802,18-25,La Plata,Mobile,Basic,50,34,,,23,79.7,18.5,0.799,20.4,0
USER-000803,36-45,Buenos Aires,Mobile,Free,95,48,266.52,57.0,5,9.9,16.9,0.411,15.16,0
USER-000804,26-35,Cordoba,Mobile,Free,339,43,132.38,138.0,27,92.2,3.2,0.239,3.81,1
USER-000805,26-35,Buenos Aires,Desktop,Free,215,19,465.26,164.0,16,99.3,1.7,0.37,2.65,0
USER-000806,46-55,Buenos Aires,Mobile,Basic,49,19,183.41,,11,106.9,4.5,0.284,11.63,0
USER-000807,26-35,Buenos Aires,Mobile,Premium,314,26,,124.0,0,19.5,13.5,0.181,2.48,0
USER-000808,26-35,Cordoba,Desktop,Basic,163,17,63.26,112.0,21,100.9,4.1,0.283,3.13,1
USER-000809,18-25,La Plata,Desktop,Free,143,18,29.73,101.0,13,89.5,18.1,,3.78,0
USER-000810,46-55,Otros,Tablet,Free,264,31,279.56,174.0,22,16.2,,0.624,3.52,1
USER-000811,26-35,Otros,Desktop,Free,161,7,479.26,5.0,4,19.5,10.5,0.614,1.3,1
USER-000812,18-25,La Plata,Mobile,Basic,244,0,222.82,999.0,9,,,0.343,0.0,1
USER-000813,18-25,Cordoba,Mobile,Premium,49,16,,63.0,21,,4.8,0.565,9.8,0
USER-000814,36-45,,Mobile,Enterprise,313,37,318.16,38.0,7,15.3,8.6,0.219,3.55,1
USER-000815,46-55,Cordoba,Desktop,Free,267,3,196.37,,9,84.3,19.6,0.177,0.34,0
USER-000816,26-35,Cordoba,Desktop,Free,147,17,188.15,,22,50.8,7.1,0.038,3.47,0
USER-000817,18-25,Rosario,Mobile,Free,345,17,455.16,,13,23.0,19.0,0.291,1.48,0
USER-000818,18-25,Rosario,,Premium,210,8,172.29,92.0,23,93.7,11.0,0.297,1.14,1
USER-000819,26-35,Rosario,,Free,33,40,373.87,30.0,1,70.8,18.3,0.523,36.36,0
USER-000820,18-25,Cordoba,Mobile,Premium,268,39,178.02,121.0,24,25.0,14.7,0.035,4.37,0
USER-000821,26-35,Mendoza,Desktop,Premium,267,35,487.81,93.0,14,76.0,3.2,,3.93,1
USER-000822,,Otros,Mobile,Free,118,38,144.33,33.0,9,6.4,11.8,0.636,9.66,0
USER-000823,18-25,La Plata,Mobile,Basic,10,32,486.05,42.0,14,90.3,8.3,0.623,32.0,0
USER-000824,36-45,Buenos Aires,Mobile,Basic,160,37,351.39,131.0,14,61.0,14.7,,6.94,1
USER-000825,26-35,Buenos Aires,Mobile,Free,253,34,126.73,10.0,20,18.6,17.8,0.742,4.03,0
USER-000826,46-55,Buenos Aires,Tablet,Enterprise,227,13,271.95,0.0,20,42.3,12.5,0.295,1.72,1
USER-000827,46-55,La Plata,Mobile,Free,323,39,154.5,14.0,20,98.1,16.7,0.175,3.62,0
USER-000828,18-25,Otros,Mobile,Enterprise,222,49,470.12,,3,87.0,14.1,0.757,6.62,1
USER-000829,46-55,Rosario,Mobile,Premium,234,14,168.89,52.0,18,75.9,17.3,0.316,1.79,0
USER-000830,18-25,Mendoza,Mobile,Premium,137,5,253.02,117.0,5,98.1,,0.456,1.09,0
USER-000831,36-45,Buenos Aires,Mobile,Free,273,25,346.81,48.0,2,18.1,9.1,0.364,2.75,0
USER-000832,55+,Buenos Aires,Mobile,Premium,35,0,305.61,999.0,12,,3.1,0.011,0.0,0
USER-000833,46-55,Buenos Aires,Desktop,Free,36,40,303.82,2.0,30,95.2,11.3,0.655,33.33,1
USER-000834,18-25,Buenos Aires,Desktop,Premium,3,10,160.62,122.0,4,30.0,11.3,0.214,10.0,1
USER-000835,18-25,La Plata,Mobile,Free,87,32,444.36,106.0,4,1.1,5.3,0.181,11.03,1
USER-000836,18-25,Rosario,Mobile,Premium,168,24,346.52,28.0,15,21.2,3.1,,,0
USER-000837,26-35,Rosario,Mobile,Premium,221,5,448.84,154.0,4,22.2,11.1,0.48,0.68,0
USER-000838,26-35,La Plata,Desktop,Basic,18,18,180.71,26.0,8,110.0,13.6,0.746,18.0,1
USER-000839,36-45,Mendoza,Desktop,Enterprise,1,49,,81.0,4,47.5,14.7,0.628,49.0,1
USER-000840,46-55,Buenos Aires,Mobile,Premium,121,9,54.32,32.0,5,92.3,7.7,,2.23,1
USER-000841,,Cordoba,Desktop,Free,119,41,461.59,98.0,13,66.4,11.2,0.394,10.34,1
USER-000842,46-55,Cordoba,Mobile,Basic,91,36,390.53,,22,11.4,7.9,0.163,11.87,1
USER-000843,26-35,Cordoba,Mobile,Free,357,22,186.82,,9,55.8,,0.441,1.85,1
USER-000844,18-25,La Plata,Mobile,Free,150,44,,,23,,19.3,0.297,8.8,0
USER-000845,18-25,Rosario,Mobile,Basic,6,10,24.79,93.0,4,10.4,2.5,,10.0,0
USER-000846,18-25,Buenos Aires,Desktop,Premium,152,44,474.9,120.0,13,87.0,9.4,0.516,8.68,1
USER-000847,26-35,Buenos Aires,Desktop,Free,359,48,95.05,41.0,0,48.2,9.0,0.759,4.01,0
USER-000848,36-45,La Plata,Tablet,Basic,133,45,121.38,40.0,8,116.8,10.9,0.782,10.15,0
USER-000849,36-45,Cordoba,Mobile,Free,301,47,488.23,154.0,26,10.2,14.2,0.382,4.68,0
USER-000850,36-45,La Plata,Mobile,Premium,31,41,217.87,69.0,3,,,,39.68,0
USER-000851,18-25,Buenos Aires,Mobile,Free,194,38,15.38,79.0,6,66.7,13.1,0.026,5.88,1
USER-000852,18-25,Rosario,Mobile,Enterprise,228,30,32.38,80.0,2,113.3,1.2,0.285,3.95,1
USER-000853,55+,Cordoba,Mobile,Free,221,22,487.19,179.0,21,12.6,8.7,,,1
USER-000854,26-35,Mendoza,Mobile,Premium,314,30,297.32,9.0,9,20.2,14.0,0.063,2.87,1
USER-000855,18-25,Mendoza,Desktop,Premium,45,41,79.02,41.0,30,,19.9,0.487,27.33,1
USER-000856,46-55,Buenos Aires,Desktop,Free,98,23,315.5,110.0,1,107.0,15.7,0.31,7.04,0
USER-000857,,Rosario,Tablet,Basic,259,31,57.73,,4,92.2,6.9,0.694,,1
USER-000858,26-35,Cordoba,Mobile,Free,321,4,147.26,,11,11.6,4.4,,0.37,0
USER-000859,55+,Otros,Desktop,Basic,233,8,470.52,,15,5.7,17.3,0.321,1.03,0
USER-000860,46-55,Buenos Aires,Mobile,Premium,48,20,193.1,174.0,13,61.2,6.0,0.7,12.5,1
USER-000861,18-25,Otros,Mobile,Premium,16,44,412.41,2.0,4,,,0.127,44.0,1
USER-000862,46-55,Buenos Aires,Desktop,Basic,161,22,238.28,164.0,17,108.1,9.8,0.069,4.1,1
USER-000863,46-55,Otros,Desktop,Free,310,21,,,19,58.9,,0.381,2.03,0
USER-000864,26-35,Cordoba,Tablet,Free,223,13,166.89,8.0,19,,2.2,0.647,1.75,1
USER-000865,55+,Buenos Aires,Mobile,Free,145,48,345.0,69.0,8,76.6,2.6,,9.93,0
USER-000866,18-25,La Plata,Mobile,Basic,158,13,338.13,66.0,5,99.8,2.8,0.721,,0
USER-000867,55+,Buenos Aires,Mobile,Premium,190,30,242.99,176.0,25,20.1,14.2,0.284,4.74,1
USER-000868,36-45,La Plata,Mobile,Premium,11,12,48.13,170.0,18,74.4,7.2,0.789,12.0,1
USER-000869,18-25,La Plata,Tablet,Basic,203,20,65.67,172.0,13,32.3,14.7,0.791,2.96,0
USER-000870,36-45,Rosario,Mobile,Free,301,47,489.73,107.0,22,66.0,,0.302,4.68,0
USER-000871,18-25,Buenos Aires,Desktop,Enterprise,187,23,408.75,4.0,9,107.7,10.5,0.694,3.69,1
USER-000872,26-35,Otros,Mobile,Free,7,34,218.67,85.0,3,,,0.298,34.0,0
USER-000873,36-45,Cordoba,Mobile,Premium,82,44,343.34,162.0,9,84.5,18.8,0.725,16.1,1
USER-000874,55+,La Plata,Mobile,Basic,315,39,466.92,26.0,15,90.2,12.9,,3.71,1
USER-000875,,Rosario,Mobile,Free,41,26,113.82,116.0,17,46.3,4.7,0.376,19.02,0
USER-000876,26-35,Mendoza,Mobile,Premium,302,41,354.88,101.0,0,112.8,15.9,,4.07,0
USER-000877,46-55,Buenos Aires,Desktop,Premium,228,26,339.92,1.0,28,109.2,1.6,,,1
USER-000878,46-55,Cordoba,Desktop,Free,174,10,479.99,110.0,7,67.1,8.4,0.493,1.72,1
USER-000879,,La Plata,Mobile,Free,164,40,201.3,44.0,12,108.6,10.8,0.35,7.32,0
USER-000880,36-45,Buenos Aires,Mobile,Basic,315,25,423.09,160.0,29,32.0,,0.759,2.38,1
USER-000881,18-25,Buenos Aires,Mobile,Premium,261,9,23.63,139.0,29,116.7,,0.02,1.03,1
USER-000882,55+,Rosario,Desktop,Free,299,41,449.98,76.0,6,64.7,5.7,0.624,4.11,0
USER-000883,,Rosario,Mobile,Premium,172,40,21.34,148.0,27,13.3,9.7,,6.98,1
USER-000884,18-25,Buenos Aires,Mobile,Free,311,23,457.23,53.0,12,13.0,16.1,0.331,2.22,0
USER-000885,55+,Buenos Aires,Desktop,Free,116,20,320.44,115.0,25,20.2,6.7,0.723,,0
USER-000886,36-45,Rosario,Mobile,Enterprise,28,22,247.12,157.0,19,66.0,4.0,0.593,22.0,0
USER-000887,18-25,,Mobile,Basic,303,9,115.99,93.0,3,107.9,1.6,0.111,0.89,0
USER-000888,36-45,Otros,Mobile,Basic,323,5,180.79,141.0,20,36.0,15.2,0.397,0.46,1
USER-000889,46-55,Otros,Mobile,Free,103,45,,100.0,3,70.5,15.6,0.249,13.11,0
USER-000890,55+,Cordoba,Desktop,Basic,260,47,143.12,81.0,19,13.8,8.3,,5.42,0
USER-000891,26-35,Rosario,Mobile,Free,185,2,479.47,64.0,18,49.8,12.5,0.702,0.32,1
USER-000892,26-35,Buenos Aires,Mobile,Free,94,50,,62.0,2,26.6,8.1,0.116,15.96,1
USER-000893,18-25,Buenos Aires,Mobile,Free,205,29,288.06,82.0,28,28.7,2.3,0.227,4.24,1
USER-000894,26-35,Buenos Aires,Mobile,Basic,257,42,46.66,165.0,13,82.2,9.3,0.651,4.9,0
USER-000895,18-25,La Plata,Mobile,Enterprise,264,26,68.44,115.0,5,72.6,12.2,,2.95,1
USER-000896,26-35,Rosario,Desktop,Enterprise,355,29,149.34,103.0,1,107.6,18.4,0.031,2.45,1
USER-000897,18-25,Cordoba,Desktop,Basic,35,19,144.59,88.0,12,10.5,15.7,0.395,16.29,0
USER-000898,26-35,Rosario,Mobile,Premium,341,7,423.11,158.0,3,,1.9,0.008,0.62,1
USER-000899,,La Plata,Desktop,Free,312,5,103.67,94.0,26,108.4,19.8,,0.48,1
USER-000900,26-35,Mendoza,Mobile,Premium,339,4,139.23,176.0,19,95.2,8.2,0.559,,0
USER-000901,36-45,Buenos Aires,Mobile,Free,295,37,,105.0,20,54.2,3.3,0.422,,0
USER-000902,,,Mobile,Premium,70,30,120.66,67.0,24,36.3,2.6,0.447,12.86,1
USER-000903,36-45,Mendoza,,Free,241,31,39.53,,21,,16.6,0.15,3.86,1
USER-000904,26-35,La Plata,Desktop,Basic,312,20,382.64,79.0,22,55.0,3.9,0.404,1.92,0
USER-000905,18-25,Cordoba,Tablet,Premium,299,32,109.48,,6,9.2,,0.549,3.21,0
USER-000906,36-45,Buenos Aires,Desktop,Premium,70,15,18.13,117.0,5,,10.0,0.425,6.43,1
USER-000907,26-35,Otros,Mobile,Basic,185,9,204.49,110.0,16,40.7,9.4,0.296,1.46,1
USER-000908,36-45,Mendoza,Mobile,Free,340,25,96.56,70.0,16,73.3,10.9,0.087,,1
USER-000909,36-45,Otros,Mobile,Free,340,2,291.86,61.0,2,64.3,6.2,0.706,0.18,0
USER-000910,36-45,Cordoba,Mobile,Premium,7,44,141.45,52.0,5,94.5,7.6,0.23,,1
USER-000911,26-35,Buenos Aires,Mobile,Premium,60,39,243.61,78.0,27,108.9,5.5,0.252,19.5,0
USER-000912,18-25,Buenos Aires,,Enterprise,330,42,242.55,85.0,0,22.1,6.0,0.062,3.82,0
USER-000913,36-45,Buenos Aires,Mobile,,18,0,249.27,999.0,7,57.2,1.9,0.014,0.0,1
USER-000914,55+,La Plata,Mobile,Free,17,9,389.88,25.0,9,96.7,,0.393,9.0,0
USER-000915,55+,Buenos Aires,Mobile,Free,186,0,415.6,999.0,9,85.5,,,0.0,0
USER-000916,26-35,Buenos Aires,Mobile,Basic,60,9,489.53,,21,119.3,7.8,0.025,4.5,1
USER-000917,36-45,Otros,Mobile,Premium,70,12,461.12,96.0,20,13.8,6.2,0.502,5.14,1
USER-000918,46-55,Cordoba,Tablet,Basic,87,16,456.06,89.0,28,40.4,12.2,0.756,5.52,0
USER-000919,26-35,Buenos Aires,Mobile,Free,224,39,70.25,116.0,18,116.2,16.1,0.231,,0
USER-000920,26-35,Rosario,Mobile,Free,361,18,315.66,170.0,5,37.1,6.5,0.64,1.5,1
USER-000921,26-35,Buenos Aires,Desktop,Free,358,31,159.85,,11,79.6,1.0,0.201,2.6,0
USER-000922,46-55,,Mobile,Enterprise,186,35,85.97,22.0,22,,19.9,,5.65,0
USER-000923,46-55,Buenos Aires,Mobile,Premium,66,15,407.74,163.0,12,51.3,19.4,0.079,6.82,0
USER-000924,46-55,Rosario,Mobile,Basic,232,20,404.15,35.0,21,92.4,,0.333,2.59,0
USER-000925,26-35,Buenos Aires,Mobile,Basic,263,34,,111.0,3,17.5,9.4,0.251,3.88,0
USER-000926,,Cordoba,Mobile,Basic,15,26,236.03,143.0,0,,9.0,0.605,26.0,1
USER-000927,46-55,Mendoza,Mobile,Free,51,39,276.2,144.0,28,35.9,15.4,0.314,22.94,0
USER-000928,36-45,Cordoba,Desktop,Basic,159,3,51.48,69.0,26,118.4,3.0,0.475,0.57,1
USER-000929,36-45,Rosario,Desktop,Free,217,37,340.46,13.0,22,25.4,3.7,0.592,5.12,1
USER-000930,18-25,La Plata,Desktop,Free,112,40,162.34,1.0,25,58.7,14.1,0.092,10.71,0
USER-000931,18-25,La Plata,Mobile,Free,365,6,242.13,,14,47.5,18.6,0.24,0.49,1
USER-000932,55+,La Plata,Desktop,Basic,118,39,343.85,168.0,19,,3.8,0.017,9.92,1
USER-000933,46-55,Rosario,Mobile,Premium,293,34,108.17,122.0,9,35.4,2.9,0.471,3.48,0
USER-000934,36-45,Cordoba,Desktop,Free,177,26,408.61,37.0,0,34.7,3.3,0.312,,1
USER-000935,26-35,Rosario,Desktop,Basic,68,2,454.97,90.0,30,17.6,17.8,0.367,0.88,0
USER-000936,55+,Cordoba,Desktop,Basic,361,22,452.25,134.0,12,62.1,4.3,0.121,1.83,1
USER-000937,,Buenos Aires,Desktop,Premium,30,17,394.63,168.0,9,110.9,2.3,,17.0,0
USER-000938,26-35,Cordoba,Desktop,Basic,118,32,389.95,134.0,8,16.4,7.2,0.764,8.14,0
USER-000939,36-45,La Plata,Mobile,Free,187,46,88.0,24.0,21,13.6,18.8,0.381,7.38,1
USER-000940,55+,La Plata,Desktop,Free,247,11,366.8,98.0,24,116.8,18.5,0.05,1.34,1
USER-000941,18-25,La Plata,Mobile,Premium,237,38,319.33,7.0,29,21.7,3.0,0.36,4.81,0
USER-000942,55+,Rosario,Mobile,Free,297,28,342.64,57.0,6,89.3,9.2,0.423,,0
USER-000943,18-25,Buenos Aires,Tablet,Free,267,2,406.9,,11,93.2,11.8,0.692,,1
USER-000944,18-25,Mendoza,Tablet,Basic,191,31,103.17,53.0,18,,10.5,0.285,4.87,1
USER-000945,46-55,La Plata,Mobile,Basic,79,4,288.88,32.0,25,62.6,2.9,0.399,1.52,1
USER-000946,,Buenos Aires,Mobile,Premium,339,16,201.31,91.0,2,104.8,4.0,0.23,1.42,1
USER-000947,36-45,La Plata,Tablet,Basic,92,25,313.14,139.0,22,107.1,12.1,0.75,8.15,0
USER-000948,36-45,Buenos Aires,Mobile,Free,231,48,39.1,,17,98.2,7.3,0.606,6.23,1
USER-000949,18-25,Buenos Aires,Tablet,Premium,334,44,419.15,9.0,11,117.7,19.0,0.479,3.95,1
USER-000950,46-55,La Plata,Mobile,Free,52,46,30.45,9.0,15,,13.4,0.345,26.54,1
USER-000951,36-45,La Plata,Mobile,Premium,210,1,389.07,,17,73.4,8.2,0.547,0.14,1
USER-000952,36-45,Buenos Aires,Desktop,Basic,356,27,,140.0,4,14.8,,0.493,2.28,1
USER-000953,26-35,Buenos Aires,Tablet,Free,177,5,298.42,58.0,13,89.9,17.9,,0.85,0
USER-000954,18-25,La Plata,Desktop,Free,75,3,47.54,32.0,14,,,0.28,1.2,1
USER-000955,46-55,Otros,Mobile,Free,30,42,69.96,,2,30.8,11.3,0.396,42.0,0
USER-000956,46-55,La Plata,Mobile,Free,183,23,392.3,74.0,27,78.8,11.0,0.214,3.77,1
USER-000957,26-35,Buenos Aires,Mobile,Basic,8,39,248.24,20.0,6,109.5,17.0,0.417,39.0,0
USER-000958,,Buenos Aires,Mobile,Premium,209,9,27.58,60.0,22,53.4,15.5,0.762,1.29,0
USER-000959,26-35,Buenos Aires,Mobile,Free,355,5,39.26,156.0,12,59.9,17.4,0.308,0.42,0
USER-000960,18-25,Cordoba,Desktop,Basic,343,42,159.52,138.0,24,42.4,,0.487,3.67,0
USER-000961,46-55,Otros,Desktop,Basic,193,48,23.4,159.0,13,104.0,15.9,0.743,7.46,1
USER-000962,46-55,Rosario,Tablet,Premium,336,18,430.67,136.0,14,51.4,14.7,0.615,1.61,0
USER-000963,18-25,Cordoba,Desktop,Premium,232,8,454.78,71.0,25,82.2,6.2,0.799,1.03,0
USER-000964,26-35,Rosario,Mobile,Free,88,17,333.02,167.0,25,92.8,1.2,,5.8,0
USER-000965,26-35,Buenos Aires,Mobile,Basic,27,28,14.35,9.0,30,43.7,13.1,0.445,28.0,0
USER-000966,18-25,Otros,Mobile,Basic,156,20,477.11,112.0,5,31.7,,0.208,3.85,1
USER-000967,18-25,Rosario,Mobile,Basic,112,3,124.01,167.0,1,22.9,10.6,0.352,0.8,0
USER-000968,18-25,Mendoza,Mobile,Premium,203,16,487.89,,21,101.5,,0.432,2.36,1
USER-000969,36-45,Buenos Aires,Mobile,Basic,343,32,47.95,52.0,10,68.9,16.8,0.545,2.8,0
USER-000970,36-45,,Mobile,Free,329,50,186.54,104.0,28,78.6,9.9,,4.56,1
USER-000971,18-25,,Mobile,Free,47,37,22.51,155.0,6,97.2,10.7,,,1
USER-000972,36-45,Mendoza,Tablet,Free,105,37,25.97,38.0,12,91.8,13.3,0.764,10.57,1
USER-000973,36-45,Otros,Desktop,Premium,251,34,369.19,135.0,25,,10.0,0.42,4.06,0
USER-000974,26-35,Buenos Aires,Mobile,Premium,140,21,129.11,92.0,7,55.2,15.2,,,1
USER-000975,,Otros,Mobile,Free,242,35,257.77,92.0,20,58.6,5.4,0.629,4.34,0
USER-000976,36-45,La Plata,Mobile,Basic,248,49,455.54,172.0,18,80.2,12.5,0.637,5.93,1
USER-000977,26-35,Buenos Aires,Mobile,Enterprise,191,36,252.16,,28,22.4,9.6,0.133,5.65,0
USER-000978,26-35,Rosario,,Premium,151,8,436.03,,0,83.1,19.8,0.106,1.59,0
USER-000979,46-55,Otros,Mobile,Basic,94,35,,75.0,3,41.1,16.7,0.269,11.17,0
USER-000980,36-45,Otros,Mobile,Premium,54,22,,104.0,20,,16.9,0.231,12.22,1
USER-000981,36-45,Mendoza,Desktop,Basic,121,32,51.06,1.0,18,71.6,13.8,0.363,7.93,0
USER-000982,26-35,Cordoba,Mobile,Premium,201,6,123.81,,10,6.7,10.8,0.42,0.9,1
USER-000983,46-55,Cordoba,Mobile,Free,105,11,477.22,10.0,26,113.5,17.8,0.585,3.14,0
USER-000984,26-35,Rosario,Desktop,Free,145,18,91.14,,8,58.9,5.2,0.135,3.72,0
USER-000985,55+,Mendoza,Tablet,Basic,233,9,57.03,,26,61.5,4.2,,1.16,1
USER-000986,55+,Cordoba,Desktop,Free,345,1,191.07,,30,113.8,9.1,0.356,0.09,1
USER-000987,46-55,Buenos Aires,Mobile,Premium,301,7,227.76,110.0,15,32.3,17.4,0.794,0.7,0
USER-000988,18-25,Cordoba,Mobile,Premium,23,46,46.43,40.0,16,40.9,9.6,0.588,46.0,0
USER-000989,36-45,Mendoza,Mobile,Premium,21,27,59.22,180.0,25,63.0,4.6,0.447,,0
USER-000990,18-25,Rosario,Mobile,Free,45,24,437.34,56.0,21,,9.9,0.388,16.0,0
USER-000991,36-45,Buenos Aires,Mobile,Premium,270,33,430.01,,0,52.7,10.3,0.489,3.67,1
USER-000992,18-25,Cordoba,Mobile,Free,2,37,125.01,89.0,15,64.1,19.1,0.702,37.0,0
USER-000993,46-55,Rosario,Mobile,Basic,247,38,184.99,123.0,9,12.5,3.1,0.705,4.62,1
USER-000994,26-35,Cordoba,Mobile,Basic,218,11,237.72,81.0,21,,14.2,0.564,1.51,0
USER-000995,46-55,La Plata,Desktop,Basic,118,1,,,6,106.9,15.9,0.049,0.25,1
USER-000996,26-35,Buenos Aires,Mobile,Basic,200,25,137.74,13.0,8,58.8,5.2,0.509,3.75,1
USER-000997,26-35,Cordoba,Mobile,Free,342,13,391.98,28.0,30,116.2,12.6,0.103,1.14,1
USER-000998,18-25,Mendoza,Desktop,Free,89,45,173.31,90.0,24,92.2,2.2,0.039,15.17,0
USER-000999,26-35,Buenos Aires,Mobile,Basic,258,45,122.37,41.0,29,45.5,8.9,,5.23,0
USER-001000,46-55,Buenos Aires,Mobile,Premium,238,6,255.73,,1,19.7,6.7,0.184,0.76,1
